Thành phần chính của phở là gì	Nó cũng là một thành phần được sử dụng trong nấu nước dùng cho món phở của người Việt Nam .	false
Núi Bà đen cao bao nhiêu	Khu vực đồi núi chủ yếu tập trung ở phía đông nam Bộ như núi Bà Rá (Bình Phước) cao 736 m, núi Chứa Chan (Đồng Nai) cao 839 m, núi Bao Quan (Bà Rịa - Vũng Tàu) cao 529 m, núi Thị Vải (Bà Rịa - Vũng Tàu) cao 461 m, núi Bà Đen (Tây Ninh) cao 986 m... Khu vực phía tây có dãy Thất Sơn (An Giang) và dãy Hàm Ninh (Kiên Giang).	true
Trung tâm hành chính của tỉnh Nghệ An là thành phố nào	Nghệ An là tỉnh có diện tích lớn nhất Việt Nam thuộc vùng Bắc Trung Bộ . Trung tâm hành chính của tỉnh là thành phố Vinh , nằm cách thủ đô Hà Nội 291 km về phía nam .. Trước đây , Nghệ An cùng với Hà Tĩnh có cùng một tên chung là Hoan Châu ( trước đời Nhà Lý ) , Nghệ An châu ( đời Nhà Lý , Trần ) , xứ Nghệ ( năm 1490 , đời vua Lê Thánh Tông ) , rồi trấn Nghệ An .	true
Cuộc khởi nghĩa Hương Khê do ai cầm đầu	Khởi nghĩa Hương Khê do Phan Đình Phùng lãnh đạo là cuộc khởi nghĩa có quy mô lớn nhất và kéo dài nhất trong phong trào Cần Vương cuối thế kỷ 19. Cuộc khởi nghĩa đã phát huy được tinh thần đoàn kết, sự ủng hộ của người dân ở miền xuôi lẫn miền ngược, cả về sức lực lẫn của cải vật chất.	true
Loại đồ ăn nổi tiếng nào trong đêm Giáng sinh bắt nguồn từ Anh	Một món ăn Pháp điển hình vào Giáng Sinh là gà tây với hạt dẻ. Một số món phổ biến khác là: cá hồi xông khói, hàu, trứng cá tẩm muối và "gan béo". Yule log là một món rất truyền thống của Pháp vào Giáng Sinh. Bánh sô cô la có một vị trí quan trọng vào Giáng Sinh ở Pháp. Ẩm thực này thường đi cùng với sâm panh, thường là đồ uống Pháp. Truyền thống nói rằng mười ba món tráng miệng làm hoàn chỉnh một bữa ăn Giáng Sinh giống như mười hai sứ đồ và Giê-su. Những món tráng miệng này bao gồm hầu hết các loại hoa quả và đồ ngọt ở Pháp.	false
Tác phẩm đường kách mệnh ra đời khi nào	Tựa đề "Tấn trò đời" được Balzac đặt theo tên tác phẩm Vở kịch thần thánh ("Divina commedia") của Dante Alighieri (1265-1321). Balzac muốn cho thấy ý định của ông khi viết các tác phẩm trong "Tấn trò đời": tả về cái địa ngục ngay giữa xã hội con người. Nhà văn có đụng ý chọn cái tên đối lập với tên tác phẩm nổi tiếng của Dante có thiên đường và địa ngục.	false
Ai sáng tác ra bài hát "Tiến Quân Ca	Single "X.O.X" của ông đặc trưng chung ai cũng đồng sáng tác bài hát.	false
Tác giả của tiểu thuyết yêu em từ cái nhìn đầu tiên là ai	Yêu em từ cái nhìn đầu tiên là bộ phim được chuyển thể từ cuốn tiểu thuyết cùng tên của nhà văn Cố Mạn và do Lâm Ngọc Phân làm đạo diễn với sự tham gia của các diễn viên Dương Dương , Trịnh Sảng , Mao Hiểu Đồng ...	true
Thủ đô của Myanmar là gì	Ngày 27 tháng 3 năm 2006 , hội đồng quân sự đã di chuyển thủ đô đất nước từ Yangon tới một địa điểm gần Pyinmana , đặt tên chính thức cho nó là Naypyidaw , có nghĩa " vùng đất của những ông vua " . Năm 2010 , quốc hiệu của Myanmar đổi thành Cộng hoà Liên bang Myanmar ( tiếng Myanmar : ပြည်ထောင်စု သမ္မတ မြန်မာနိုင်ငံတော် , tiếng Anh : " Republic of the Union of Myanmar " ) .	true
Hồ Gươm ở đâu	Do vậy , nhiều văn nghệ sĩ đã lấy hình ảnh Hồ Gươm làm nền tảng cho các tác phẩm của mình .	false
Đảng Cộng sản Việt Nam đã trải qua bao nhiêu kỳ đại hội	Đến nay hội đã trải qua 7 kì đại hội, từ đó bầu nên Ban chấp hành và Ban thư ký của hội.	false
Đại hội 12 của Đảng cộng sản Việt Nam diễn ra ngày tháng năm nào	Đại hội Đảng Cộng sản Việt Nam lần thứ IX hay Đại hội đại biểu toàn quốc lần thứ IX của Đảng Cộng sản Việt Nam diễn ra từ ngày 19 đến ngày 22-4-2001 ở Hà Nội. Tham dự đại hội có tất cả là 1.168 đại biểu chính thức thay mặt cho 2.479.719 đảng viên cả nước.	false
Sông nào có lưu lượng nước lớn nhất thế giới	Sông Nin bắt nguồn từ hồ Victoria ở khu vực xích đạo có mưa quanh năm nên lượng mưa khá lớn. Tới Khác-tum sông Nin nhận thêm nước từ phụ lưu Nin Xanh ở khu vực cận xích đạo, lưu lượng trở nên rất lớn, mùa nước lũ lên tới 90 000 m3/s; đến biên giới Ai Cập mặc dù sông Nin chảy giữa miền hoang mạc và không nhận được thêm phụ lưu nào nữa, nước sông vừa ngấm xuống đất, vừa bốc hơi mạnh, gần biển lưu lượng nước giảm nhiều nhưng ở Cai-rô (Ai Cập) về mùa cạn lưu lượng vẫn còn 700 m3/s.	false
Bắc Giang có gì được UNESCO công nhận	Bắc Giang chiếm phần lớn diện tích của vùng Kinh Bắc xưa và có nền văn hoá phong phú , đặc trưng của Kinh Bắc , là cái nôi của Dân ca Quan họ với 23 làng quan họ cổ được UNESCO công nhận .	true
Mai Hắc Đế là ai	Mai Hắc Đế (chữ Hán: 梅黑帝; ?–722), tên thật là Mai Thúc Loan (梅叔鸞) là vị vua người Việt thời Bắc thuộc, anh hùng dân tộc, người lãnh đạo cuộc khởi nghĩa chống lại sự chiếm đóng của nhà Đường ở Việt Nam vào đầu thế kỉ thứ 8.	true
Ai chỉ huy quân Tống xâm lược nước ta năm 1076-1077	Năm Bính Thìn (1076), nhà Tống cử Quách Quỳ, Triệu Tiết đem đại binh sang xâm lược Đại Việt. Quân đội nhà Lý dưới sự chỉ huy của Phụ quốc thái úy Lý Thường Kiệt đã đánh bại được đội quân nhà Tống tại trận tuyến trên sông Như Nguyệt. Năm 1077, Quách Quỳ chấp nhận cho Đại Việt giảng hòa và rút quân trở về.	true
Cuba độc lập từ năm nào	Ông tuyên bố Cuba trở thành một nước Cộng hoà độc lập — Martí bị giết hại tại Dos Rios ngay sau khi đặt chân tới Cuba cùng lực lượng viễn chinh phía đông . Cái chết đã khiến ông trở thành bất tử và được coi là một anh hùng quốc gia Cuba .	false
Bùi Công Duy là nghệ sĩ nổi tiếng với loại nhạc cụ nào	Chân dung Ca sĩ Bùi Duy Lan Hương Một bức ảnh mới về Bùi Duy Lan Hương- Ca sĩ nổi tiếng Hồ Chí Minh- Việt Nam Ca sĩ Bùi Duy Lan Hương cùng nhạc sĩ Thanh Bùi	false
Ai là người đầu tiên đặt chân lên mặt trăng	Ông là người thứ hai đặt chân lên mặt trăng, nghĩa là đi theo bước chân của Neil Armstrong, người đầu tiên đặt chân lên mặt trăng.	true
Hàn Quốc thuộc khu vực nào	Hàn Quốc (Tiếng Triều Tiên: 한국/ 韓國/ Hanguk), tên chính thức là Đại Hàn Dân Quốc (Tiếng Triều Tiên: 대한민국/ 大韓民國/ Daehan Minguk; Tiếng Anh: Republic of Korea – Korea Republic), hay còn được gọi bằng các tên gọi khác như là Đại Hàn, Nam Hàn, Nam Triều Tiên hoặc Cộng hòa Triều Tiên, là một quốc gia có chủ quyền thuộc khu vực Đông Á, nằm trên nửa phía nam của bán đảo Triều Tiên.	true
Mắt của con Lạc Đà có bao nhiêu mí	Trong cơ thể con người thì mi mắt là một bộ phận quan trọng trong việc bảo vệ hệ thị giác và tham gia tạo nên vẻ đẹp của khuôn mặt. Xệ mí mắt có thể xảy ra ở một hoặc cả hai bên mắt, việc xệ mí sẽ ảnh hưởng đến thẩm mỹ và ảnh hưởng đến chức năng thị giác vì khi mí mắt bị sụp thì mí mắt che phủ một phần hoặc hoàn toàn con ngươi, hạn chế vùng nhìn thấy, và lâu dài sẽ gây giảm sức nhìn do nhược thị. Mí mắt còn đóng vai trò rất quan trọng trong việc bảo vệ mắt khỏi tổn thương, mắt và mí mắt có liên kết chặt chẽ với nhau đến nỗi áp lực của mí mắt lên nhãn cầu có thể gây ra một trong những vấn đề thị giác phổ biến nhất.	false
Nhà toán học nào nổi tiếng nhất thế giới	Chân dung nhà toán học nổi tiếng Euclid Nhà toán học Euclid qua nét vẽ của Justus van Ghent	false
Chùa Sà Lôn được xây dựng năm nào	Tương truyền , chùa Sà Lôn được dựng bằng cây lá từ năm 1815 , và được trùng tu nhiều lần . Trong chiến tranh , chùa bị bom đạn đánh sập ngôi chánh điện . Năm 1969 , sư cả Tăng Đuch ( trụ trì đời thứ 9 ) quyết định dựng lại ngôi chùa gồm : Chánh điện , sala , nhà Tăng , nhà để sách kinh , khu tháp , v.v ... bằng vật liệu kiên cố .	true
Hà Sơn Bình là tên gọi cũ của hai tỉnh nào	Ngày 29 tháng 5 năm 2008, toàn bộ diện tích và dân số của tỉnh Hà Tây và bốn xã Đông Xuân, Tiến Xuân, Yên Bình, Yên Trung của huyện Lương Sơn, tỉnh Hòa Bình lại được sáp nhập vào thủ đô Hà Nội.	false
Có bao nhiêu tỉnh thành trực thuộc trung ương	Hội đồng Nhân dân Tỉnh/Thành phố trực thuộc trung ương có Đảng đoàn Hội đồng Nhân dân Tỉnh/Thành phố trực thuộc trung ương do Tỉnh ủy/Thành ủy lập ra.	false
Thành phố nào là thủ đô của Nam Phi	Pretoria là thành phố ở phía bắc của tỉnh Gauteng, Nam Phi. Đây là thủ đô hành chính của Nam Phi, đây là một trong 3 thủ đô của Nam Phi, cùng với Cape Town (thủ đô lập pháp) và Bloemfontein (thủ đô tư pháp). Pretoria có diện tích 1.644 km2, dân số năm 2007 là 2.345.908 người. Thành phố này nằm hai bên bờ sông Apies và trải dài đến chân dãy núi Magaliesberg. Phần lớn dân số của Pretoria là công chức và dân làm dịch vụ liên quan tới chính quyền. Thành phố này cũng có ngành công nghiệp thép, chế biến, gốm sứ, hóa chất. Thành phố được kết nối với các đô thị khác tại Nam Phi cũng như với Zimbabwe, Mozambique bằng đường bộ và đường ray.	true
Quảng Ngãi nằm trong vùng kinh tế nào	Thêm hai đội mới của tỉnh Quảng Ngãi đó là Vietcombank Quảng Ngãi và Cấp nước Quảng Ngãi cũng tham dự . 7 đội còn lại ở giai đoạn một không dự giai đoạn II vì lý do không thể sắp xếp được thời gian , công việc .	false
Đông trùng hạ thảo là gì	Đông trùng hạ thảo là một loại đông dược quý có bản chất là dạng ký sinh của loài nấm Ophiocordyceps sinensis thuộc nhóm nấm Ascomycetes trên cơ thể ấu trùng của một vài loài bướm trong chi " Thitarodes " ( trước đây phân loại trong chi " Hepialus " ) .	true
Nơi hẹp nhất của Việt Nam thuộc tỉnh nào	Trên thế giới chúng có mặt tại Lào (sườn tây dãy Trường Sơn ngang với 3 tỉnh kể trên của Việt Nam). Vùng phân bố hẹp. Trong thời gian chiến tranh Đông Dương đây là nơi rừng tư nhiên bị ảnh hưởng của chất độc hoá học và bom đạn nhiều nhất. Vì vậy mà nơi ở tự nhiên của chúng đã bị mất hầu hết.	false
Luật dân sự được sửa đổi năm nào	Đảng Nhân dân Hành động Việt Nam là chính đảng do một nhóm luật sư bất đồng chính kiến thành lập ở thành phố Hồ Chí Minh năm 1991.	false
Ai là người thiết kế tấm thiệp Giáng sinh đầu tiên trên thế giới	Tại Hoa Kỳ, một hình ảnh hoặc thẻ trống với một tin nhắn được gửi qua đường bưu điện đầu tiên trong tháng 12 năm 1848. Sau khi luật pháp ở Hoa Kỳ cho phép gửi những tấm thiệp từ năm 1861, tấm bưu thiệp được chính thức gửi đầu tiên bằng đường bưu điện vào ngày 1 tháng 10 năm 1869 từ Đế quốc Áo-Hung. Lúc đầu, những tấm bưu thiệp chỉ có thể gửi trong nội địa và quốc tế chỉ trên cơ sở những hiệp định bưu tín song phương, nhưng từ năm 1878 bưu thiệp có thể gửi và nhận tại hầu hết các quốc gia trên thế giới.	false
Mì udon Nhật Bản có từ bao giờ	Hương vị món mì khá tương tự với món mì Udon của Nhật Bản , nhưng hình dạng của sợi mì thì khác nhau . Tuỳ theo chiều dài của thớt kéo mì sẽ quyết định độ dài của sợi mì , có khi dài đến 1 mét .	false
Máy bay hoạt động trên tàu sân bay lớp Nimitz cất cánh bằng phương pháp gì	Tàu sân bay lớp Nimitz: Sân bay chéo góc của các tàu sân bay này sử dụng bố trí CATOBAR để vận hành máy bay, với ống phóng hơi nước và dây bắt chụp cho việc phóng và hạ cánh máy bay. Bố trí này làm việc cất hạ cánh nhanh hơn, và cho phép sử dụng nhiều loại máy bay khác nhau hơn so với bố trí STOVL sử dụng trên các tàu sân bay nhỏ hơn. Không đoàn được mang theo trên tàu sân bay bao gồm khoảng 90 máy bay có thể cất hạ cánh được từ tàu. Các máy bay tiêm kích của không đoàn chủ yếu là F/A-18F Super Hornet và F/A-18C Hornet, sau khi các máy bay F-14 Tomcat nghỉ hưu. Thêm vào các máy bay, các tàu sân bay này còn mang theo các vũ khí tự vệ tầm ngắn, chủ yếu cho phòng thủ tên lửa và chống máy bay.	true
Việt Nam gia nhập Liên hiệp quốc vào ngày bao nhiêu	Tháng 6/1946, Hội Liên hiệp Quốc dân Việt Nam được thành lập tại Nam Bộ. Nguyễn Bình chủ trương giải tán Mặt trận Quốc gia liên hiệp để tập hợp lực lượng kháng chiến vào Hội Liên hiệp Quốc dân Việt Nam.	false
Võ Thị Sáu là ai	Năm 1956 bà là người đầu tiên thể hiện hình tượng người con gái đất đỏ Võ Thị Sáu trên sân khấu kịch do chồng viết kịch bản .	false
Mối quan hệ giữa Triều Tiên và Hàn Quốc là gì	Quan hệ Việt Nam – Bán đảo Triều Tiên là mối quan hệ từ xa xưa giữa nước Việt Nam và quốc gia từng tồn tại trên bán đảo Triều Tiên thống nhất (tạm gọi Triều Tiên). Từ sau chiến tranh Triều Tiên (1953), bán đảo này bị chia cắt làm hai quốc gia có thể chế chính trị và quan hệ ngoại giao riêng biệt (CHDCND Triều Tiên và Đại Hàn Dân Quốc).	false
Nepal có đường biên giới tiếp giáp quốc gia nào	Danh sách các quốc gia tiếp giáp với 2 bờ đại dương là bảng thống kê các quốc gia độc lập có đường bờ biển tiếp giáp trên hai đại dương, không tính các vùng lãnh thổ phụ thuộc.	false
Ai là người phát minh ra cây ATM	Johann (Georg) Andreas Stein (1728-1792) là thợ làm đàn người Đức. Ông là người phát minh ra fortepiano, cây đàn có cấu trúc nhẹ và đơn, cây đàn được những Joseph Haydn, Wolfgang Amadeus Mozart và Ludwig van Beethoven sử dụng.	false
Nhà văn quê Hà Nam nổi tiếng với những tác phẩm hiện thực phê phán trước năm 1945	Nhà văn hiện thực phê phán Nam Cao sinh ngày 29-10-1917 tại Tỉnh Hà Nam, nước Việt Nam. Ông sống và làm việc chủ yếu ở Tỉnh Ninh Bình, nước Việt Nam. Ông sinh thuộc cung Thần Nông, cầm tinh con (giáp) rắn (Đinh Tỵ 1917). Nam Cao xếp hạng nổi tiếng thứ 20459 trên thế giới và thứ 3 trong danh sách Nhà văn hiện thực phê phán nổi tiếng.	true
Lễ Giáng Sinh là ngày mấy	Vâng , suốt ngày lễ Giáng sinh , & và như con viết . Thật tuyệt vời ! ”	false
Có ai biết tục bó chân của người Trung Quốc	Kế hoạch tiếp theo mà Mao Trạch Đông ủng hộ là cuộc "Đại Cách mạng văn hóa vô sản" vào những năm 60 của thế kỷ 20. Có nhiều quan điểm khác nhau về Cách mạng văn hóa tại Trung Quốc. Theo Ủy ban Trung ương Đảng Cộng sản Trung Quốc, Cách mạng văn hóa là để ""đấu tranh với giai cấp tư sản trong lĩnh vực tư tưởng và sử dụng những tư tưởng và lề thói mới của giai cấp vô sản để thay đổi diện mạo tinh thần của toàn bộ xã hội"" nhưng cũng có quan điểm cho rằng đây là một cách để Mao Trạch Đông lấy lại quyền kiểm soát Đảng Cộng sản Trung Quốc sau cuộc Đại nhảy vọt thất bại. Cách mạng văn hóa ở Trung Quốc đã xóa bỏ triệt để những hủ tục còn lại từ thời trung cổ tại Trung Quốc (cúng bái để chữa bệnh, tục bó chân phụ nữ...), nhưng cũng để lại những hậu quả nghiêm trọng không chỉ về kinh tế, xã hội mà cả về văn hóa. Cách mạng văn hóa từ mục tiêu ban đầu là thay đổi diện mạo tinh thần của toàn bộ xã hội đã biến thành quy chụp, tố cáo, chỉ trích, đấu tố, thanh trừng lẫn nhau trên toàn Trung Quốc. Cuộc cách mạng này làm tê liệt các hoạt động kinh tế, chính trị, giáo dục, văn hóa của Trung Quốc; phá vỡ sự lãnh đạo của Đảng Cộng sản Trung Quốc và khiến nhà nước không còn duy trì nổi trật tự xã hội; gây chia rẽ nghiêm trọng trong Đảng Cộng sản, trong bộ máy nhà nước và trong xã hội Trung Quốc; phá hủy các di sản văn hóa vật thể và phi vật thể. Trong thập niên 1980, Tổng bí thư Đảng Cộng sản Trung Quốc khi đó là Hồ Diệu Bang đã nhận xét rằng khoảng 100 triệu người Trung Quốc đã chịu đau khổ của thời kỳ này. Đặng Tiểu Bình nhận định Mao Trạch Đông có một phần lỗi trong việc này, nhưng phần khác là do những người thi hành cấp dưới có trình độ kém còn công chúng dễ bị kích động khiến mục tiêu đề ra bị bóp méo: ""Cách mạng Văn Hóa là một sai lầm. Chúng ta phải mạnh dạn chối bỏ sai lầm này của Mao trong những năm tháng cuối đời của ông. Nhưng cũng cần nhìn vào sự thật. Sự thật là không phải mọi sai lầm và quá đáng trong cuộc Cách mạng Văn Hóa đều do Mao Trạch Đông.""	false
Hỏa giáo từng thịnh hành ở đâu	Thời nhà Achaemenes, Hỏa giáo trở thành quốc giáo của Ba Tư, và tiếp tục giữ vị thế này cho đến thời thuộc Ả Rập. Có ý kiến cho rằng nhà tiên tri vĩ đại Zoroaster sống cùng thời với vị vua vĩ đại Cyrus Đại Đế, và các tín đồ Hỏa giáo đã phò tá đắc lực ông trong những trận thắng vang dội. Ông cũng thi hành chính sách tự do tôn giáo, văn hóa và tôn trọng nhân quyền đối với các dân tộc dưới quyền ông, nên được các ngoại tộc như người Do Thái kính nể. Trụ Cyrus - ghi nhận của Hoàng đế Cyrus Đại Đế về cuộc chinh phạt xứ Babylon của ông - được nhiều người coi là Tuyên ngôn Nhân quyền đầu tiên trong lịch sử.	true
Danh nhân Hà Nam nào có biệt danh “Tam nguyên Yên Đổ”	Với cách phát âm “TR” đặc trưng và ngoại hình bắt mắt, người hâm mộ đã đặt biệt danh cho Đan Nguyên là “"Người Hùng Phong Trần"” hay “"Lãng tử Phong Trần"”.	false
Hiến pháp đầu tiên của nước ta được ban hành vào năm nào	Hiến pháp Vương quốc Thái Lan (; ) là văn bản pháp luật có giá trị cao nhất tại Thái Lan. Bản hiến pháp đầu tiên của Thái Lan là bản hiến pháp năm 1932, hay còn được gọi là Hiến pháp Vương quốc Siêm 1932.	false
Đảo quốc nào có diện tích nhỏ nhất châu Đại Dương	"xem Cầu thủ xuất sắc nhất châu Đại Dương"	false
Hồ Gươm thuộc quận nào của Hà Nội	Tên hồ còn được lấy để đặt cho một quận trung tâm của Hà Nội ( quận Hoàn Kiếm ) và là hồ nước duy nhất của quận này cho đến ngày nay .	false
Đồng tiền chung của Châu Âu ra đời vào năm nào	Cuối năm 2002, công ty nợ đến 577 triệu euro trên tổng doanh thu 945 triệu euro, và thiệt hại 129 triệu euro.	false
Người phụ nữ đầu tiên được trao giải Nobel là ai	Người Do Thái đã nhận được giải thưởng Nobel cả sáu lĩnh vực. Người Do Thái đầu tiên, Adolf von Baeyer, đã được trao giải Nobel Hóa học năm 1905. Người Do Thái gần đây nhất được trao giải Nobel là Patrick Modiano với Nobel văn học; James Rothman và Randy Schekman với Nobel Y học; Arieh Warshel, Michael Levitt và Martin Karplus giải Nobel Hóa học; và François Englert giải Nobel Vật Lý, tất cả trong năm 2013.	false
Chuyện Đoàn Tử Quang đi thi được ai ghi chép lại	Năm Canh Tý 1900, Khiếu Năng Tĩnh là Chánh chủ khảo tại Nghệ An. Ở đó, ông cùng với nhiều vị quan giám khảo khác rất bất ngờ trước hình ảnh một cụ già râu tóc bạc phơ đi thi cùng với biết bao người trẻ. Đó chính là Đoàn Tử Quang, một nho sinh độc nhất vô nhị trong lịch sử khoa bảng Việt Nam. Vì đây là chuyện hiếm thấy nên Khiếu Năng Tĩnh đã viết bài ký "Nghệ trường giai sự" (Việc đáng nói ở trường thi Nghệ An) để mô tả những hành động mà Đoàn Tử Quang đã làm trong buổi thi ấy. Hết ngạc nhiên rồi cảm phục, Khiếu Năng Tĩnh đã thảo tờ chiếu lên vua Thành Thái xin cho thí sinh độc nhất vô nhị này được đỗ, dù có mắc một số lỗi khi phạm một số quy định của trường thi ngày ấy, nên Đoàn Tử Quang đã đỗ ở tuổi 82, nhưng bị xếp thứ 29 trong 30 người trúng tuyển.	false
Tỉnh nào ở nước ta có ba mặt giáp biển	Theo quan điểm của Trung Hoa dân quốc thì vịnh Bột Hải là một phần của Hoàng Hải và như thế Trung Quốc tiếp giáp với ba biển lớn là Nam Hải, Đông Hải và Hoàng Hải.	false
Duy Khánh còn có nghệ danh là gì	Ông trở thành một trong ba giọng nam được yêu thích nhất , cùng với Duy Trác , Anh Ngọc . Thời kỳ này tên tuổi của ông gắn liền với những bài có âm hưởng dân ca và " dân ca mới " của Phạm Duy : " Vợ chồng quê , Ngày trở về , Nhớ người thương binh , Tình nghèo , Quê nghèo , Về miền trung " ... rồi đổi nghệ danh là Duy Khánh .	false
Chiếc đồng hồ quả lắc đầu tiên trên thế giới tên là gì	--- 1974: đồng hồ Omega Marine Chronometer được chứng nhận là chiếc đồng hồ đầu tiên trên thế giới Marine Chronometer với độ chính xác 12 giây mỗi năm.	false
Tên những tỉnh hoặc thành phố từng là cố đô của Việt Nam	Khiva (; ; ; các tên lịch sử hoặc tên thay thế: "Khorasam", "Khoresm", "Khwarezm", "Khwarizm", "Khwarazm", "Chorezm", và ) là một thành phố xấp xỉ 50.000 dân thuộc tỉnh Xorazm, Uzbekistan. Đây từng là cố đô của Khwarezm và Hãn quốc Khiva. Itchan Kala tại Khiva là địa điểm đầu tiên của Uzbekistan được đưa vào danh sách Di sản Thế giới (1991).	false
Ai là người đứng thứ nhất trong Tam Thanh	Đây là nơi hành lễ chính thức và gồm rất nhiều lễ như lễ cúng cầu , lễ múa gà , lễ cân lợn , làm bùa , lễ dẫn đường cho Tam Thanh và Tam Nguyên.v.v ... Về thời gian , trong ba ngày thì ngày đầu tiên thực hiện những nghi lễ mở đầu cho lễ lập tịch , cúng tổ tiên , thần linh để báo cho biết , mời họ về dự và giúp đỡ đuổi tà ma ; đón khách đến thăm hỏi dự lễ , chuẩn bị lán thờ .	false
Mật độ dân số của Đà Nẵng là bao nhiêu	Tính đến năm 2011 , dân số toàn thành phố Đà Nẵng đạt gần 951.700 người , mật độ dân số đạt 740 người / km2 . Trong đó dân số sống tại thành thị đạt gần 828.700 người , dân số sống tại nông thôn đạt 123.000 người . Tính đến năm 2015 , dân số Đà Nẵng sinh sống ở thành thị là 897.993 người và ở nông thôn là 130.845 người , ngoài ra thành phố còn tiếp nhận thêm lượng dân cư từ các tỉnh , thành là sinh viên , công nhân lao động , người nước ngoài ... đến thành phố học tập và làm việc nên tỷ lệ dân nhập cư ngày càng tăng .	true
Nước nào đầu tiên trên thế giới có taxi	Chiếc taxi đầu tiên đã xuất hiện trên đường phố Stuttgart Đức	true
diện tích Madagascar là bao nhiêu	Chut tịch của Hiệp hội Vườn quốc gia Madagascar tại Đại hội Công viên Thế giới của IUCN năm 2003 đã đưa ra tuyên bố thành lập các khu vực bảo vệ hiện từ 17.000 km 2 lên hơn 60.000 km 2 ( từ 3% lên 10% diện tích của Madagascar ) .	false
Nơi sinh của Beethoven	Nhạc sĩ Ludwig van Beethoven sinh ngày 16-12-1770 tại Thành phố Bonn, nước Đức. Là Nhạc sĩ sinh thuộc cung Nhân Mã, cầm tinh con (giáp) hổ (Canh Dần 1770). Ludwig van Beethoven xếp hạng nổi tiếng thứ 3876 trên thế giới và thứ 25 trong danh sách Nhạc sĩ nổi tiếng.	true
Bà Triệu là thủ lĩnh chống quân xâm lược nào	Đền Bà Triệu là nơi thờ tự vị nữ anh hùng dân tộc Việt tên là Triệu Thị Trinh, người đã có công đánh đuổi quân xâm lược Đông Ngô (Trung Quốc) vào giữa thế kỷ thứ 3. Đền nằm trên núi Gai, ngay sát quốc lộ 1A, đoạn đi qua thôn Phú Điền, xã Triệu Lộc, huyện Hậu Lộc, tỉnh Thanh Hóa, cách thành phố Thanh Hóa 18 km về phía bắc và cách Hà Nội 137 km về phía nam.	true
Chùa Nga My được xây dựng năm nào	Năm 1994 , chùa được Bộ Văn hoá và thông tin xếp hạng di tích lịch sử , kiến trúc , nghệ thuật .	false
Vị tổng thống đầu tiên của nước Nga là ai	Gorbachev lên án Boris Yeltsin, kẻ đối địch cũ của ông ta và là tổng thống đầu tiên của nước Nga, đã xé tan đất nước với một mong muốn tăng cường quyền lợi cá nhân.	true
Thứ tiếng nào là ngôn ngữ chính thức ở Indonesia	Có khoảng 16 ngôn ngữ bản địa, trong đó tiếng Tetum (ngôn ngữ chính thức), Galole, Mambae và Kemak được nhiều người sử dụng nhất. Ngoài ra, tiếng Bồ Đào Nha (ngôn ngữ chính thức), tiếng Indonesia, tiếng Anh cũng được sử dụng.	false
Miền Bắc nước ta hiện có tất cả bao nhiêu tỉnh/thành phố	Miền Bắc Việt Nam nằm ở phía trên cùng của lãnh thổ Việt Nam, có khí hậu ... chia làm 3 vùng lãnh thổ, và Miền Bắc Việt Nam có 25 tỉnh, thành.	true
Quốc huy Việt Nam do họa sĩ nào sáng tác	Bùi Trang Chước là một họa sĩ nổi tiếng, ông được xem như một vị thầy của hội họa Việt Nam. Bùi Trang Trước sáng tác khoảng 1000 tác phẩm về tem thư, quốc huy, tiền hay huân, huy chương, trong đó tác phẩm nổi tiếng nhất là "Quốc huy Việt Nam. Những tác phẩm của ông được trưng bày tại Trung tâm Lưu trữ Quốc gia III.	true
lý quang diệu làm thủ tướng singapore trong khoảng thời gian nào	Trong cuộc tổng tuyển cử năm 1959 , Đảng Hành động Nhân dân ( PAP ) giành được quyền lực với 43 trong số 51 ghế trong Quốc hội và Lý Quang Diệu trở thành Thủ tướng đầu tiên của Singapore .	false
Tổng thư ký ASEAN hiện nay là người nước nào	Tổng Thư ký Hiệp hội các quốc gia Đông Nam Á hay còn gọi là Tổng thư ký ASEAN là một chức vụ luân phiên giữa 10 nước thành viên và được thông qua trong Hội nghị thượng đỉnh ASEAN. Nhiệm kỳ của Tổng thư ký ASEAN là 5 năm, không gia hạn và nặng tính nghi lễ và hành chính.	false
giám đốc công an của tỉnh Bắc Giang là ai	Tô Ân Xô là Thiếu tướng Công an nhân dân Việt Nam . Ông hiện giữ chức vụ Giám đốc Công an tỉnh Bắc Giang .	true
quê của Lý Quang Diệu	Lý Quang Diệu chào đời trong một nhà lều rộng và thoáng tại số 92 đường Kampong Java , Singapore . Ngay từ khi còn bé , văn hoá Anh đã có ảnh hưởng đậm nét trên Lý , một phần là do ông nội , Lý Vân Long , đã cho các con trai của mình hấp thụ nền giáo dục của Anh .	true
Tờ báo đầu tiên của nước ta xuất bản bằng chữ Quốc ngữ	Tiếp đó, ông được F. H. Schneider mời hợp tác và in ấn tờ Đại Nam đồng văn nhật báo xuất bản bằng chữ Hán (Tờ báo hàng ngày của nước Đại Nam chung một văn tự).	false
Ngày dài nhất và đêm ngắn nhất ở bán cầu Bắc là ngày	Định nghĩa một: Tại Bắc bán cầu, ngày hạ chí là ngày mà khoảng thời gian ban ngày dài nhất và thời gian ban đêm ngắn nhất. Thời gian này thông thường rơi vào ngày 21 tháng 6 hoặc 22 tháng 6. Khi đó tại Nam bán cầu thì khoảng thời gian ban ngày lại là ngắn nhất. Tuy nhiên cách định nghĩa này có phần không rõ ràng do độ nghiêng lớn nhất của trục quay Trái Đất là xấp xỉ 23,45° nên đối với những người quan sát ở các vĩ độ cao hơn 66,55° vĩ bắc sẽ thấy thời gian ban ngày trong những ngày cận kề trước và sau ngày hạ chí ở nửa bán cầu này có thể kéo dài đến 24 h (Xem thêm ban ngày vùng cực và đêm trắng để biết thêm chi tiết). Ngược lại, ở Nam bán cầu, đối với những người quan sát ở các vĩ độ cao hơn 66,55° vĩ nam sẽ thấy thời gian ban đêm trong những ngày cận kề với ngày hạ chí ở Bắc bán cầu có thể kéo dài đến 24 h (Xem thêm ban đêm vùng cực để biết thêm chi tiết). Do vậy không thể biết chính xác ngày nào là ngày hạ chí theo kiểu định nghĩa này.	true
Châu lục nào có ít dân số nhất thế giới	Ghi chú: Không có giải vô địch năm 2008 – Quần đảo Solomon được tự động lựa chọn như là đội tuyển tôt nhất châu lục tham dự Giải vô địch thế giới)	false
Nước nào có lãnh thổ liền nhau lớn nhất trong lịch sử nhân loại	Nhưng có thể nói rằng , lịch sử kiến trúc phản ánh sự phát triển chung của lịch sử nhân loại .	false
Tôn giáo được thịnh hành nhất thời nhà Lý là tôn giáo nào	Giáo sĩ là các nhà lãnh đạo chính thức trong một số tôn giáo nhất định. Vai trò và nhiệm vụ của giáo sĩ tùy thuộc các truyền thống tôn giáo khác nhau nhưng thường liên quan đến việc chủ trì các nghi lễ đặc biệt hay giảng dạy các giáo lý và thực hành tôn giáo.	false
Việt Nam hoàn toàn thống nhất vào ngày tháng năm nào	Vào ngày 3 tháng 5 năm 1978, sau khi hoàn toàn thống nhất đất nước, đồng đã được thống nhất. 1 đồng mới bằng 1 đồng Việt Nam Dân chủ Cộng hoà bằng 0,8 Đồng Giải phóng.	false
Dinh Thống Nhất – là công trình kiến trúc do ai thiết kế	Nhà thờ Bảo Lộc được xây dựng từ năm 1994, khánh thành năm 1999, theo đồ án thiết kế của kiến trúc sư Ngô Viết Thụ (Khôi nguyên La Mã - Prix de Rome), với sự tham gia thực hiện đồ án của kiến trúc sư Nguyễn Hồng Sơn. Theo các nhà nghiên cứu lịch sử kiến trúc Việt Nam, thì nhà thờ Bảo Lộc là công trình cuối cùng của kiến trúc sư Ngô Viết Thụ (tác giả của đồ án thiết kế dinh Độc Lập - tức dinh Thống Nhất - một di tích quốc gia đặc biệt tại thành phố Hồ Chí Minh).	false
Cầu đi bộ Ninh Kiều khánh thành vào năm nào	Trong Thiếu Lâm Hồng gia thường có câu: "ổn mã ngạnh kiều" 穩馬硬橋, "trường kiều đại mã"长橋大馬, "đoản kiều tiểu mã" 短橋小馬, tạm dịch là "ngựa vững cầu cứng, ngựa lớn cầu dài, ngựa nhỏ cầu ngắn", nghĩa là bộ tấn vững chãi đòn tay rắn chắc, đòn tay dài với bộ tấn rộng thấp, đòn tay ngắn với bộ tấn nhỏ hẹp và cao (cao mã).	false
Nước nào có GDP đầu người cao nhất thế giới	Dù Trung Quốc có tốc độ tăng trưởng kinh tế ngoạn mục, song tốc độ tăng trưởng GDP bình quân đầu người lẫn tốc độ tăng trưởng GDP tuyệt đối chưa phải là cao nhất thế giới.	false
Christopher Columbus là người nước nào	Không giống như người anh cột chèo, Hoàng thân Daniel, Christopher không có bất cứ nhiệm vụ hay tước vị hoàng gia nào, bởi vì thành viên của Hoàng gia Thụy Điển phải mang quốc tịch Thụy Điển. Do đó, Christopher vẫn sẽ tiếp tục công việc kinh doanh của mình trong lĩnh vực tài chính. Cặp đôi dự định sẽ tiếp tục sống ở New York.	false
Thành phố nào là thủ đô của Uzbekistan	Ngày nay, là thủ đô của nước Uzbekistan độc lập, Tashkent vẫn là nơi cư ngụ của nhiều dân tộc, tuy người Uzbek vẫn chiếm số đông. Năm 2009, thành phố chào mừng 2.200 năm lịch sử.	true
Sông nào dài nhất Peru	Các chi lưu của sông Amazon có chiều dài lớn hơn , có dòng chảy lớn hơn nhiều , và có độ dốc nhỏ hơn khi ra khỏi khu vực " sierra " . Các sông đổ vào hồ Titicaca thường có chiều dài ngắn và có dòng chảy lớn . Các sông dài nhất chảy qua lãnh thổ Peru là Ucayali , Marañón , Putumayo , Yavarí , Huallaga , Urubamba , Mantaro , và Amazon .	true
Vương Quốc Anh tiếp giáp với nước nào	Từ suốt thế kỷ 17 và 18 vương quốc Anh đã chiếm cứ những tiểu vương quốc Ấn Độ khiến quân đội Anh và Miến buộc phải giáp mặt ở biên giới Ấn-Miến. Vì đường biên giới không được phân định rõ rệt nên việc va chạm tiến tới gây hấn và hai nước khai chiến vào năm 1823 .	false
Nhận xét nào sau đây đúng về thành phố Huế	Sau khi Việt Nam thống nhất (tháng 4 năm 1975), Trần Vàng Sao xung phong về quê công tác nhưng không được chấp nhận; ông tự trở lại Huế làm liên lạc ở xã, sau đó được bố trí công tác tại Phòng Văn hóa thành phố Huế rồi được điều về làm liên lạc ở xã Hương Lưu (nay là phường Vỹ Dạ), Huế cho đến khi nghỉ hưu năm 1984. Hiện ông đang sống tại thành phố Huế.	false
Chiến dịch Điện Biên Phủ bắt đầu diễn ra vào ngày tháng năm nào	Cuộc hành quân Castor là chiến dịch quân sự do Pháp phát động từ 20 đến 22 tháng 11 năm 1953, ngay trước khi Chiến dịch Điện Biên Phủ diễn ra. Quân đội Liên hiệp Pháp cho quân nhảy dù chiếm khu lòng chảo Điện Biên Phủ để thiết lập Tập đoàn cứ điểm phòng ngự tại đây.	false
Nón quai thao còn có tên gọi là gì	Người Việt còn dùng nhiều loại nón như nón lá, nón quai thao.	false
Người ta quy định lấy kinh tuyến ở kinh độ bao nhiêu làm đường chuyển ngày	Trái đất có tất cả 360 đường kinh tuyến kinh tuyến gốc = 0 độ kinh, kinh tuyến gốc đi qua vùng Grin-uýt ở ngoại ô thủ đô Luân Đôn nước anh	false
Hy Lạp có lãnh thổ tiếp giáp quốc gia nào	Lãnh thổ nền văn minh Hy Lạp thời kỳ đầu bao gồm Hy Lạp ngày nay và các đảo thuộc biển Aegaeum và vùng Tây Tiểu Á.	false
diện tích Madagascar là bao nhiêu	Madagascar , tên chính thức là nước Cộng hoà Madagascar ( phiên âm tiếng Việt : Ma-đa-ga-xca ; ; ) và trước đây gọi là nước Cộng hoà Malagasy , là một đảo quốc trên Ấn Độ Dương , ngoài khơi bờ biển đông nam bộ của đại lục châu Phi . Quốc gia bao gồm đảo Madagascar cũng nhiều đảo ngoại vi nhỏ hơn . Sau khi vỡ ra từ siêu lục địa Gondwana , Madagascar tách khỏi Ấn Độ khoảng 88 triệu năm trước , khiến các loài thực vật và động vật bản địa tiến hoá tương đối cô lập .	false
Loài chim nào hiện giờ nằm trong danh sách quý hiếm ở Việt Nam	Chim Công ở Việt Nam hiện được cho là có nguồn gốc, xuất xứ lâu đời từ Trung Quốc, chúng còn được gọi là hay còn gọi là công Trung Quốc hoặc công má vàng, hay công xanh Việt Nam hay công Việt Nam (vì Việt Nam chỉ có phân loài này) hoặc công nội (để phân biệt với các giống chim công nhập ngoại từ Ấn Độ) hay còn gọi đơn giản là chim công, khổng tước, công má vàng, công lục. Chim công Việt Nam đang nằm trong Sách đỏ, thuộc nhóm 1B, thuộc diện rất quý hiếm.	true
Công trình Thế miếu trong Hoàng thành Huế có chức năng gì	Nguyên ở nơi này trước kia là miếu thờ ông Nguyễn Phúc Côn, thân sinh vua Gia Long gọi là tòa Hoàng Khảo Miếu. Đến năm Minh Mạng thứ 2 (1821), Hoàng Khảo Miếu được dời lùi về phía bắc khoảng 50 m để dành vị trí xây tòa Thế Tổ Miếu thờ vua Gia Long và Hoàng hậu. Miếu được xây dựng trong 2 năm (1821-1822), ban đầu chỉ dành để thờ Thế Tổ Cao Hoàng Đế (vì thế mới có tên gọi Thế Tổ Miếu) nhưng về sau trở thành nơi thờ tất cả các vị vua của triều Nguyễn.	true
Thủ tướng thứ 5 của nước ta là ai	Huỳnh Đảm ( từ 9/1/2008 ) ( tại Hội nghị lần thứ 5 Uỷ ban TW MTTQ Việt Nam ( khoá IV )	false
Mất bao nhiêu ngày để đi vòng quanh trái đất	Đôi khi những người hành hương trong khu vực cũng đi vòng quanh hồ. Przhevalsky ước tính phải mất khoảng 8 ngày đi ngựa hay 15 ngày đi bộ để có thể đi vòng quanh hồ, nhưng những người hành hương nói rằng phải mất khoảng 18 ngày trên lưng ngựa hay 23 ngày đi bộ để đi vòng quanh hồ	false
Việt Nam nằm ở đới khí hậu nào	Khí hậu ôn đới mang tính chất trung gian giữa khí hậu đới nóng & khí hậu đới lạnh.	false
Thủ đô của Cộng hòa Czech hiện là thành phố nào	Một nghiên cứu của Robert Palmer năm 2004 cho thấy việc được chọn là Thủ đô Văn hóa châu Âu là chất xúc tác cho sự phát triển văn hóa và biến đổi của thành phố. Tầm ảnh hưởng và sự phát triển văn hóa-xã hội của thành phố được chọn hiện cũng được xem xét trong việc lựa chọn thành phố là Thủ đô Văn hóa châu Âu.	false
Vua Mai Hắc Đế từng chọn vùng đất nào làm kinh đô	Trong quá khứ, Ava là kinh đô của nước Myanma từ năm 1364 đến năm 1841. Người Miến chọn Ava làm kinh đô vào năm 1364 vì kinh đô trước đó là Pagan đã bị quân Nguyên Mông tàn phá và kinh đô tiếp theo ở Sagaing đã rơi vào tay người Shan do người Miến bị suy yếu sau cuộc tấn công của Mông Cổ. Vương quốc Ava được thành lập. Ở Ava, văn hóa Pagan đã được khôi phục và phát triển rực rỡ cho đến năm 1527 khi thành phố bị người Shan tấn công. Trong suốt lịch sử tồn tại của mình, vương quốc Ava luôn xung đột với những người Shan từ phía Bắc. Năm 1555, vương quốc Ava bị một vương quốc khác của người Miến ở phía Nam từ Taungoo chinh phục. Sự thống nhất này tạo điều kiện hình thành đế quốc Miến thứ hai do vua Tabinshwehti lập nên. Năm 1752, người Môn nổi dậy chống lại ách thống trị của người Miến và đã tấn công hủy diệt Ava. Alaungpaya, người sáng lập triều Konbaung và đế quốc Miến thứ ba đã đẩy lùi người Môn và lấy lại được thành phố, và tiếp tục chọn Ava làm kinh đô. Thời vua Bodawpaya, kinh đô ở nơi khác. Song đến thời vua kế tiếp, Ava lại được chọn làm kinh đô từ năm 1823. Năm 1841, một trận động đất đã tàn phá Ava. Kể từ đó, Ava không còn được chọn làm kinh đô nữa. Năm 1939, một trận động đất khác đã tàn phố cung điện cũ.	false
Bộ phim "Làng Vũ Đại ngày ấy" dựa trên các tác phẩm nào của nhà văn Nam Cao	Làng Vũ Đại ngày ấy là một bộ phim nổi tiếng được xếp vào hàng những tác phẩm kinh điển của nền điện ảnh Việt Nam thế kỷ 20. Phim được sản xuất năm 1982 bởi đạo diễn, NSND Phạm Văn Khoa. Cùng với phim "Chị Dậu" (1980) cũng được đạo diễn bởi NSND Phạm Văn Khoa thì "Làng Vũ Đại ngày ấy" được đánh giá là 2 trong số ít các tác phẩm điện ảnh Việt Nam đạt được thành công lớn về nhiều mặt khi khắc họa cuộc sống nông thôn cũng như nhiều tầng lớp khác nhau trong xã hội thực dân nửa phong kiến của Việt Nam trước Cách mạng Tháng tám (1945). Phim "Làng Vũ Đại ngày ấy" dù là một tác phẩm điện ảnh chuyển thể từ các tác phẩm văn học vốn đã nổi tiếng trước đó của nhà văn Nam Cao (gồm "Sống mòn", "Chí Phèo" và "Lão Hạc") nhưng đạo diễn Phạm Văn Khoa vẫn cho thấy cá tính sáng tạo và đột phá trong nghệ thuật dựng phim của ông.	true
Tỉnh duy nhất không có thành phố nào trực thuộc ở nước ta là gì	Hiện nay , Việt Nam có 5 thành phố trực thuộc tỉnh không có xã nào là Hạ Long , Sóc Trăng , Đông Hà , Huế , Thủ Dầu Một .	false
Park Hang Seo sinh năm bao nhiêu	Hải Dương có 4 cầu thủ là Phạm Đức Huy ( sinh năm 1995 , ở xã Đoàn Tùng , Thanh Miện ) , Vũ Văn Thanh ( sinh năm 1996 , tại xã Tứ Cường , Thanh Miện ) , Nguyễn Văn Toàn ( sinh năm 1996 , phường Thạch Khôi , TP Hải Dương ) và Nguyễn Trọng Đại ( sinh năm 1997 , xã Cẩm Điền , Cẩm Giàng ) trong đội tuyển U23 Việt Nam giành Huy chương bạc Giải vô địch bóng đá U-23 châu Á 2018 dưới thời huấn luyện viên Park Hang-seo.	false
nước nào nhỏ nhất thế giới	Nauru ( phát âm ) , tên chính thức là nước Cộng hoà Nauru , là một đảo quốc tại Micronesia thuộc Nam Thái Bình Dương . Với 9.378 cư dân sống trên một diện tích , Nauru là quốc gia nhỏ nhất tại Nam Thái Bình Dương , nhỏ thứ ba trên thế giới về diện tích , chỉ sau Thành Vatican và Công quốc Monaco , và là đảo quốc nhỏ nhất trên thế giới .	false
Quân đội Hoa Kỳ gồm những lực lượng nào	Lực lượng Dã chiến I , Việt Nam , còn gọi là Quân đoàn I Dã chiến , Việt Nam ( tiếng Anh : " I Field Force , Vietnam " - I.FFV ) là lực lượng cấp quân đoàn của lực lượng Quân đội Hoa Kỳ và đồng minh tại Việt Nam trong thời gian chiến tranh Việt Nam .	false
Tên thủ đô của Thổ Nhĩ Kỳ	Tên thủ đô của Thổ nhĩ Kỳ là Ankara	true
Đội bóng đầu tiên vô địch World Cup trong lịch sử	Trận khai mạc World Cup 1970 giữa chủ nhà Mexico và Liên Xô. Đội bóng Xô viết là đội đầu tiên trong lịch sử World Cup thay người trong trận đấu. Liên Xô dễ dàng vượt qua vòng bảng, nhưng thua ở tứ kết trước Uruguay ở hiệp phụ. Đó là lần cuối cùng Liên Xô vào đến tứ kết một World Cup.	false
ai là phó bí thư thành ủy hiện tại của Hà Nội	Ông hiện là Uỷ viên Ban Thường vụ Thành uỷ , Phó Bí thư Thành uỷ Hà Nội khoá thứ XVI nhiệm kỳ 2015 – 2020 .	true
Hiệp định đối tác xuyên Thái Bình Dương được ký kết ở đâu	Hoa Kỳ cho là TPP sẽ làm giảm việc buôn bán những loài nguy cấp , giải quyết nạn đánh cá quá độ tại những nước thành viên .	false
Thanh Thánh Tổ trị vì trong bao nhiêu năm	Thanh Thánh Tổ ( chữ Hán : 清聖祖 ; 4 tháng 5 năm 1654 – 20 tháng 12 năm 1722 ) , Hãn hiệu Ân Hách A Mộc Cổ Lãng hãn , Tây Tạng tôn vị Văn Thù Hoàng đế , là vị Hoàng đế thứ tư của nhà Thanh và là Hoàng đế nhà Thanh thứ hai trị vì toàn cõi Trung Quốc , từ năm 1662 đến năm 1722 .	true
Mali từng bị thực dân phương Tây nào xâm chiếm	Đất rừng phương nam là tiểu thuyết của nhà văn Đoàn Giỏi viết về cuộc đời phiêu bạt của cậu bé tên An. Bối cảnh của tiểu thuyết là miền Tây Nam Bộ, Việt Nam vào những năm 1945, sau khi thực dân Pháp quay trở lại xâm chiếm Nam Bộ.	false
Cơ quan quyền lực nhất của nhà nước ta	Quốc hội là cơ quan đại biểu cao nhất của nhân dân, cơ quan quyền lực Nhà nước cao nhất của nước Cộng hòa xã hội chủ nghĩa Việt Nam.	true
Đơn vị tiền tệ của Na Uy là	Krone Na Uy là đơn vị tiền tệ của Na Uy (dạng số nhiều là "kroner"). Một krone gồm 100 "øre" (tương đương xu). Mã ISO 4217 là "NOK", nhưng chữ địa phương viết tắt thông thường là "kr".	true
Ai là trạng nguyên cuối cùng trong sử Việt	Do đó Trịnh Huệ là vị trạng nguyên cuối cùng của chế độ khoa cử nước ta thời phong kiến.	true
Ngoài kiệt tác Truyện Kiều, đại thi hào Nguyễn Du còn để lại tác phẩm nổi tiếng nào	Thúy Kiều là một nhân vật nổi tiếng trong tác phẩm "Truyện Kiều" của Đại thi hào Nguyễn Du , và là một nhân vật có thật trong lịch sử Trung Quốc. Thúy Kiều tên đầy đủ là Vương Thúy Kiều.	false
Hy Lạp giáp với những nước nào	Đường biên của Hy Lạp dài 1.228 km , giáp với Albania 282 km , Cộng hoà Macedonia 228 km , Bulgaria 494 km , Thổ Nhĩ Kỳ 206 km	true
Bà Nguyễn Thị Duệ lấy tên là gì khi cải trang thành nam giới đi thi	Sau khi Thị Kính kể lể đầu đuôi, cha mẹ chồng vẫn ngờ rằng Thị Kính có âm mưu giết chồng, bắt Thiện Sĩ phải bỏ vợ. Thị Kính phải trở về nhà cha mẹ mình, quyết định xuất gia đi tu. Bà cải trang thành một người nam giới, trốn nhà đến chùa xin đi tu, lấy pháp danh là Kính Tâm.	false
50 ngôi sao trên cờ Liên bang Mỹ tượng trưng cho điều gì	Quốc kỳ Syria (; ) do ba hình chữ nhật nằm ngang song song màu đỏ, trắng và đen hợp thành, giữa dải màu trắng có hai ngôi sao năm cánh màu lục. Bốn màu đỏ, trắng, đen và lục là màu sắc của Pan-Arabia. Màu đỏ trên quốc kỳ tượng trưng cho lòng dũng cảm, màu trắng tượng trưng cho sự thuần khiết và khoan hồng, độ lượng, màu đen tượng trưng cho thắng lợi mà Mohammed đã giành được, màu lục là màu tốt lành mà con cháu của Mohammed yêu thích, sao năm cánh tượng trưng cho cách mạng Ả Rập tất thắng. Năm 1958, khi Syria và Ai Cập hợp lại thành lập "Cộng hòa Ả Rập Thống nhất", đã chế định lá cờ ba màu đỏ, trắng và đen; chính giữa nền cờ có 2 ngôi sao năm cánh màu lục. Sau đó, hình vẽ trên lá cờ ba màu nhiều lần thay đổi. Cho đến nay năm 1981, chính phủ Syria ra quyết định khôi phục lá cờ ba màu đỏ, trắng và đen, có hai ngôi sao năm cánh màu lục làm quốc kỳ.	false
Sông Hồng chảy qua địa phận tỉnh nào	Nam Trực là một huyện của tỉnh Nam Định. Huyện Nam Trực nằm ở cửa ngõ phía nam thành phố Nam Định, phía bắc tiếp giáp thành phố Nam Định, phía nam giáp huyện Trực Ninh, phía đông giáp huyện Vũ Thư (tỉnh Thái Bình), phía tây giáp huyện Vụ Bản và huyện Nghĩa Hưng, có sông Hồng và sông Đào chảy qua.	false
Quy Nhơn từng là đất của ai	Quy Nhơn được hình thành từ rất sớm thuộc vùng đất đàng trong xứ Thuận Quảng : cách đây trên 400 năm đã xuất hiện phủ Quy Nhơn . Mảnh đất này đã có lịch sử hình thành phát triển cùng với nền văn hoá Chămpa từ thế kỷ 11 , dưới triều đại nhà Tây Sơn và cảng Thị Nại từ đầu thế kỷ 18 .	true
zalo thành lập năm nào	Tháng 12/2012 , Zalo chính thức ra mắt , đi theo mô hình mobile-first và nhanh chóng thu hút được một lượng lớn người dùng Việt Nam nhờ việc sản phẩm hoạt động tốt , ổn định trên hạ tầng mạng Việt Nam .	true
Ông tổ nghề đúc sung thần công của Việt Nam là ai	Súng thần công ở Việt Nam được cho là xuất hiện vào thời nhà Hồ, do Hồ Nguyên Trừng sáng chế và cải tiến. Ông đã sử dụng loại súng này trong cuộc kháng chiến chống quân Minh. Sau khi nhà Hồ sụp đổ, ông bị bắt sang Trung Quốc và được vua Minh sử dụng để chế tạo loại súng này. Hồ Nguyên Trừng được coi là cha đẻ của súng thần công Việt Nam	true
Đất nước có lãnh thổ rộng nhất châu Phi mà không tiếp giáp với biển	Đây là quận nội thành duy nhất của thành phố Đà Nẵng không tiếp giáp với biển.	false
Đảo Big Major thuộc quần đảo Bahamas đình đám có tên gọi khác là gì	Ở quần đảo Trường Sa, đảo Trường Sa Lớn còn có tên gọi khác trong tiếng Anh là Horsburgh's Storm Island, vốn cũng là do Horsburgh đặt.	false
con người đã khám phá được bao nhiêu phần của vũ trụ	Chuyến bay thành công của Belka và Strelka vào vũ trụ đã có vai trò hết sức quan trọng trong việc đưa con người lên vũ trụ. Nó đã khẳng định rằng, con người hoàn toàn có thể bay vào vũ trụ. Một năm sau đó, Liên Xô đã phóng thành công tàu vũ trụ Phương Đông, đưa nhà du hành Yuri Alekseievich Gagarin vào không gian vũ trụ. Trong chuyến bay của Belka và Strelka, các nhà khoa học đã thu thập được những dữ liệu quan trọng về sự tác động của không gian vũ trụ lên hệ thống sinh lý, sinh hóa, di truyền và tế bào học của động vật (bao gồm cả động vật có vú) và thực vật.	false
Luật trẻ em đươc thông qua vào ngày tháng năm nào	Tổng cộng 28 đại biểu Quốc hội Việt Nam khóa 14 đã không biểu quyết thông qua Luật An ninh mạng vào ngày 12 tháng 6 năm 2018.	false
Tỉnh nào có diện tích lớn nhất khu vực Đông Nam Bộ	Diện tích đất lâm nghiệp của Xuyên Mộc khoảng 14.757 ha, chiếm khoảng 42% tổng diện tích đất có rừng toàn tỉnh. Khu bảo tồn thiên nhiên Bình Châu Phước Bửu với diện ­tích 11.290 ha là khu rừng nguyên sinh có giá trị lớn mà thiên nhiên ban tặng cho Bà Rịa – Vũng Tàu. Hội tụ tại đây là những động vật, thực vật quư và hiếm của cả khu vực Đông Nam bộ.	false
Hành tinh nào trong hệ mặt trời có cấu tạo giống trái đất nhất	Trái Đất là một hành tinh đất đá, có nghĩa là nó có cấu tạo đất đá cứng, khác với những hành tinh khí khổng lồ như Sao Mộc. Trái Đất là hành tinh lớn nhất trong bốn hành tinh đất đá của hệ Mặt Trời, về cả kích thước và khối lượng. Trong bốn hành tinh này, Trái Đất có độ đặc lớn nhất, hấp dẫn bề mặt lớn nhất, từ trường mạnh nhất, tốc độ quay nhanh nhất. Và đồng thời nó cũng là hành tinh đất đá duy nhất mà các mảng kiến tạo còn hoạt động.	false
Quốc gia nào rộng thứ nhì Trung Đông	Mọi thủ đô tại Trung Đông và Bắc Phi đều nằm trong phạm vi hai giờ bay từ Jeddah , khiến nơi đây trở thành trung tâm thương nghiệp lớn thứ nhì Trung Đông sau Dubai .	false
Phan Văn Khải là thủ tướng thứ mấy của nước Việt Nam	Ngày 19/05/2004 , Chính phủ nước Cộng hoà Xã hội Chủ nghĩa Việt nam ( Chính phủ Việt Nam ) và Chính phủ nước Cộng hoà Hungary đã ký Hiệp định Hợp tác Kinh tế giữa hai quốc gia . Đây là kết quả của các cuộc trao đổi trước đó giữa thủ tướng Phan Văn Khải và thủ tướng Ferenc Gyurcsány .	false
Ai là vị vua cuối cùng của triều Lý	Lý Huệ Tông và Thuận Trinh Hoàng hậu có hai con gái, người em tên là Lý Thiên Hinh, được phong là "Chiêu Thánh công chúa", tháng 10 năm 1224 được lập làm Hoàng thái tử. Lý Huệ Tông xuất gia ở chùa Chân Giáo trong đại nội, Chiêu Thánh lên ngôi, tức Lý Chiêu Hoàng, mới 7 tuổi.	false
Nguyễn Văn Thiệu sinh vào năm nào	Tháng 7 cùng năm ông được điều về trường Võ bị Đà Lạt làm Trung đội trưởng khoá sinh của khoá 5 .	false
Hoa lan là quốc hoa của đất nước nào ở châu Á	Người châu Á hay nhóm người tổ tiên thuộc lục địa châu Á ("Asian Continental Ancestry Group") là một chủng người từ Châu Á. Tuy nhiên, mỗi người và mỗi đất nước lại có sự sử dụng khái niệm khác nhau về người châu Á, nhìn chung người châu Á thường được coi là người thuộc một vùng hoặc một phân miền đặc thù nào đó ở châu Á. Điều này còn phụ thuộc vào nơi định cư, "chủng" người, hay một nhóm dân tộc.	false
loài động vật có vú nào lớn nhất ở biển	Hoẵng châu Âu có số lượng ngày càng tăng tại vùng quê, và hươu đỏ có sừng có thể được tìm thấy ở vùng rừng Jutland. Đan Mạch cũng có các loại động vật có vú nhỏ hơn, như là chồn hôi châu Âu, thỏ đồng và nhím gai. Khoảng 400 loài chim cư trú tại Đan Mạch và khoảng 160 loại phối giống tại quốc gia này. Các loài động vật có vú đại dương lớn bao gồm cá heo cảng, các loại động vật chân màng đôi khi có cá voi lớn ghé thăm, bao gồm cá voi xanh và cá voi sát thủ. Cá tuyết, cá trích và cá bơn sao là các loại cá có số lượng dồi dào tại Đan Mạch và la cơ sở của một ngành công nghiệp đánh cá lớn.	false
Thành phố Thanh Hóa trực thuộc tỉnh nào của nước ta	Thành phố trực thuộc tỉnh có diện tích lớn nhất là Móng Cái (Quảng Ninh) với 516,6 km2 còn thành phố trực thuộc tỉnh có diện tích nhỏ nhất là Sầm Sơn (Thanh Hóa) với 44,94 km2.	false
Ai là người khởi xướng ra Trường thơ Loạn	Ông bắt đầu làm thơ từ năm 12 , 13 tuổi . Năm 17 tuổi , với bút danh Chế Lan Viên , ông xuất bản tập thơ đầu tay nhan đề " Điêu tàn " , có lời tựa đồng thời là lời tuyên ngôn nghệ thuật của " Trường Thơ Loạn " . Từ đây , cái tên Chế Lan Viên trở nên nổi tiếng trên thi đàn Việt Nam . Ông cùng với Hàn Mặc Tử , Yến Lan , Quách Tấn được người đương thời gọi là " Bàn thành tứ hữu " của Bình Định .	false
Tác dụng của Collagen là gì	Collagen chiếm 1-2% của các mô cơ , và chiếm 6% trọng lượng của cơ bắp , cơ gân . Gelatin , được sử dụng trong thực phẩm và công nghiệp , là collagen đã được thuỷ phân một phần .	false
Trường Chuyên Hà Nội - Amsterdam thành lập năm bao nhiêu	Ghi chú	false
người có tuổi thọ cao nhất thế giới tên là gì	Mbah Gotho, (sinh ngày 31/12/1870, mất 30/04/2017), là một cụ ông sống ở thành phố Sragen trên đảo Java của Indonesia. Được biết, tuổi của ông vào năm 2016 là 145 tuổi (mặc dù bằng chứng không đủ tin cậy), hơn cụ bà Jeanne Calment, một công dân người Pháp, được ghi nhận là người thọ nhất trong lịch sử tới 23 tuổi; hơn ông Yasutaro Koide người Nhật Bản, được ghi nhận là cụ ông sống thọ nhất thế giới tới 133 tuổi. Ông có mười anh chị em và bốn người vợ, tất cả đều đã qua đời, trong đó người cuối cùng qua đời vào năm 1988. Các con của ông cũng đã qua đời hết và cụ ông Gotho sống cùng các cháu, chắt và chút.	true
Khu di tích lịch sử địa đạo Củ Chi được danh hiệu gì năm 2015	Ngày 27/12/2015 , Thành uỷ , Hội đồng nhân dân , Uỷ ban nhân dân , Uỷ ban Mặt trận Tổ quốc Thành phố Hồ Chí Minh tổ chức lễ khánh thành Khu truyền thống cách mạng Sài Gòn - Chợ Lớn - Gia Định , kỷ niệm 20 năm ngày truyền thống khu di tích lịch sử địa đạo Củ Chi ( 19/12/1995 - 19/12/2015 ) .	false
Trong vỏ trái đất những nguyên tố nào có tương đối nhiều	Xêsi là một nguyên tố tương đối hiếm vì nó chiếm trung bình khoảng 3 ppm trong vỏ Trái Đất. Nguyên tố này phổ biến thứ 45 trong số các nguyên tố và thứ 36 trong nhóm kim loại. Tuy vậy, nó phổ biến hơn các nguyên tố như antimony, cadmi, thiếc và tungsten, và lớn gấp 20 lần so với thủy ngân hoặc bạc, nhưng chỉ hơn 3,3% so với rubidi là loại cộng sinh với nó.	false
Sơn Tinh tên là gì	Markus Madeja (sinh 1969; có tên Việt là Sơn) là một doanh nhân người Thụy Sĩ, ông là người sáng lập và làm chủ thương hiệu "Rượu Thượng hạng Sơn Tinh" (Sơn Tinh liquor).	false
Hồ nước ngọt lớn nhất thế giới có tên là gì	Ngũ Đại Hồ (tiếng Anh: "Great Lakes", tức là "các hồ lớn") là năm hồ lớn nằm trên hay gần biên giới Canada–Hoa Kỳ. Đây là nhóm hồ nước ngọt lớn nhất trên thế giới, và hệ thống Ngũ Đại Hồ – sông Saint Lawrence là hệ thống nước ngọt lớn nhất trên thế giới. Đôi khi năm hồ này được gọi biển nội địa.	true
Chùa Bái Đính thuộc địa phận tỉnh nào nước ta	Ngày 20/1/2012, theo đề nghị của lãnh đạo ủy ban nhân dân tỉnh Ninh Bình, Thượng tọa Thích Thanh Nhiễu - Phó chủ tịch thường trực Hội đồng Trị sự Giáo hội Phật giáo Việt Nam về giữ ngôi trụ trì chùa Bái Đính kế tục hòa thượng Thích Thanh Tứ đã viên tịch.	true
Đại tướng Tô Lâm nhậm chức Bộ trưởng bộ công an năm nào	Ngày 10 tháng 8 năm 2018 , Thượng tướng , Thứ trưởng Bùi Văn Nam được Bộ trưởng Bộ Công an Tô Lâm bổ nhiệm giữ chức danh tư pháp Thủ trưởng Cơ quan An ninh điều tra Bộ Công an theo quyết định số 4369/QĐ-BCA.	false
Quê mẹ của Bác Hồ là làng gi	Năm 1907, con cháu Võ Văn Dũng đã đem hài cốt của ông (?) về cải táng tại quê nhà là làng Phú Phong.	false
Ngoài trái đất, hành tinh nào có khả năng xuất hiện sự sống	Sinh học vũ trụ là lĩnh vực nghiên cứu về nguồn gốc, tiến hóa, phân bố và tương lai của sự sống trong vũ trụ: sự sống ngoài Trái Đất và sự sống trên Trái Đất. Lĩnh vực đa ngành này bao gồm việc tìm kiếm các môi trường có thể sống được trong Hệ mặt trời và các hành tinh có thể cư trú được bên ngoài Hệ mặt trời, tìm kiếm bằng chứng về các hóa chất giúp hình thành sự sống, nghiên cứu trong phòng thí nghiệm và thực địa nguồn gốc và tiến hóa ban đầu của sự sống trên Trái Đất, và nghiên cứu về khả năng của sự sống trong việc thích nghi với các thách thức trên Trái Đất và ngoài không gian. Sinh học vũ trụ trả lời cho câu hỏi liệu có sự sống trên ngoài Trái Đất không, và làm thế nào loài người phát hiện ra nếu điều đó thực sự xảy ra. (Thuật ngữ exobiology có nghĩa tương tự nhưng cụ thể hơn — nó bao gồm tìm kiếm về sự sống ngoài Trái Đất, và nghiên cứu những ảnh hưởng của môi trường ngoài Trái Đất lên sinh vật sống)	false
Đâu là tên gọi khác của kinh thành Thăng Long	Năm 1010, tại kinh đô Hoa Lư, vua Lý Thái Tổ ban chiếu dời đô để chuyển kinh đô về thành Đại La và đổi tên kinh thành này là Thăng Long. Lý Thái Tổ cùng các quần thần đã gấp rút xây dựng những công trình cơ bản của Kinh thành Thăng Long. Đến đầu năm 1011 thì hoàn thành. Khi mới xây dựng, Kinh thành Thăng Long được xây dựng theo mô hình Tam trùng thành quách gồm: vòng ngoài cùng gọi là La thành hay kinh thành, vòng thành thứ hai là Hoàng Thành, giữa hai lớp thành này là nơi sinh sống của cư dân, lớp thành còn lại là Tử cấm thành hay Cấm thành hay Long Phượng thành là nơi ở của nhà vua. Các thời sau đều theo cách ấy mà phân chia.	true
Nguyễn Đình Chiểu đã để lại tác phẩm văn học nổi tiếng nào	Năm lên 6, 7 tuổi, Nguyễn Đình Chiểu được theo học với một ông thầy đồ ở làng. Trong thời kỳ binh biến, cha của Nguyễn Đình Chiểu đã đưa Nguyễn Đình Chiểu ra Huế ở nhờ một người bạn thân để Nguyễn Đình Chiểu có điều kiện học hành, năm đó ông 12 tuổi.	false
Có bao nhiêu thị trấn ở Nam Cực	Ở Nam Cực có hai khu định cư dân sự: Thị trấn lớn hơn là Villa Las Estrellas thành lập năm 1984. Là trạm nghiên cứu Chile, thị trấn này giờ đây có trường học, bệnh viện, nhà trọ, bưu điện, Internet, truyền hình. Thị trấn còn lại là Esperanza Base, trạm nghiên cứu Argentina với 55 cư dân gồm 10 gia đình và 2 giáo viên trung học, thành lập năm 1953 và trở nên nổi tiếng năm 1978 với sự ra đời của Emilio Marcos Palma, người đầu tiên được sinh ra ở Nam Cực.	true
Angkor Wat là biểu tượng của quốc gia nào	Một giải thích khác của Angkor Wat đã được đề xuất bởi Eleanor Mannikka. Vài nét về Vua Suryavarman II: "Khi các phép đo chu kỳ thời gian mặt trời và mặt trăng đã được xây dựng trong không gian thiêng liêng của Angkor Wat, nhiệm vụ thần thánh này để cai trị được gắn liền với các phòng và hành lang được thánh hiến để duy trì quyền lực của nhà vua và tôn vinh và làm dịu các vị thần ở trên trời " với sự pha trộn của sự quan tâm và hoài nghi trong giới học thuật. [31] Cô xa mình khỏi những suy đoán của người khác, như Graham Hancock, rằng Angkor Wat là một phần của một biểu tượng của chòm sao Draco.	false
Tác phẩm nào được viết và đóng thành sách nặng nhất ở Việt Nam	Quyển sách này ghi chép rất công phu và tỉ mỉ về núi sông, khí hậu, hành chính, thành trì, cũng như về phong tục tập quán, tính cách và sinh hoạt của dân cư tại vùng đất Gia Định từ thời Nguyễn Hữu Cảnh vào kinh lược đất này từ năm 1698 cho đến những năm đầu thế kỷ 19. Gia Định hay Gia Định thành ban đầu vốn là tên gọi để dùng toàn bộ khu vực miền Nam Việt Nam. Cho nên bộ sách viết về cả miền Gia Định, hay Nam Bộ xưa. Nguyên bản (bản khắc gỗ) hiện nay không thấy, nhưng theo bản chép tay lưu tại thư viện Viện sử học Việt Nam (ký hiệu HV. 151 (1-6)) thì sách gồm toàn bộ sáu quyển, đóng làm 3 tập khổ 17x30cm, chữ hàng 8 (8 cột), mỗi hàng 21 chữ. Mỗi quyển viết về một phương diện khác nhau.	false
Tên gọi của cầu Thê Húc có nghĩa là gì	Một góc nhìn khác - góc nhìn của thẩm mỹ dân gian thì cây cầu Thê Húc chỉ có thể có một cách chọn lựa duy nhất là sơn màu đỏ, không thể khác. Với điều này, xin được lược trích ý kiến của ông cháu nhà phê bình mỹ học Vũ Ngọc Anh: "... Đúng là cái cầu này đứng giữa thanh thiên bạch nhật thì lúc nào nó chẳng có ánh nắng rọi vào. Tứ thời bát tiết, trong những khung cảnh riêng nào đấy, hình bóng nó cũng mỗi lúc một khác..."	false
Dân tộc nào có dân số đứng thứ 2 ở Việt Nam	Người Tày sinh sống chủ yếu ở vùng miền núi thấp phía bắc Việt Nam. Người Tày trước đây hay được gọi là người Thổ (tuy nhiên tên gọi này hiện nay được dùng để chỉ một dân tộc khác, xem bài người Thổ). Người Tày có dân số đông thứ 2 ở Việt Nam.	true
Toà tháp cao nhất thế giới	Tòa nhà Burj Khalifa tại Dubai (Các tiểu vương quốc Ả Rập Thống nhất) được khánh thành ngày 4/1/2010 là một công trình kiến trúc khổng lồ. Chi phí xây dựng tòa nhà cao 810 mét với 163 tầng này lên đến gần 20 tỷ đô (tương đương 460 nghìn tỉ đồng). Với số tầng và chiều cao vượt bậc so với bất kỳ tòa nhà chọc trời nào trên thế giới, Burj Khalifa đã trở thành một biểu tượng mới của thế giới Ả Rập và là một trong những thành tựu đáng khâm phục của con người cho đến nay. Tòa nhà Burj Khalifa được công nhận là tòa nhà cao nhất thế giới vào năm 2008.	true
Các Vua Hùng đóng đô ở đâu	Ðền chỉ đóng cửa ngày thứ hai, các ngày còn lại trong tuần đều mở cửa.	false
Ai là vợ vua Thiệu Trị, nổi tiếng mẫu mực, đoan chính	Bà Phạm Thị Hằng được chọn vào cung và được Thuận Thiên Cao Hoàng hậu cho tác hợp với cháu nội của mình là Nguyễn Phúc Miên Tông, người sau này là vua Thiệu Trị.	true
Di sản nào của nước ta đã được UNESCO công nhận di sản tư liệu thế giới sau Mộc bản triều Nguyễn	Năm 2007, Cục Văn thư và Lưu trữ Nhà nước đã làm hồ sơ trình UNESCO và đến ngày 31/7/2009, Mộc bản triều Nguyễn đã chính thức được UNESCO đưa vào "Chương trình Ký ức thế giới".	false
Anh hùng nào lấy thân mình chèn pháo trong chiến dịch Điện Biên Phủ	Tô Vĩnh Diện (1924 - 1954) là một Anh hùng lực lượng vũ trang nhân dân của Việt Nam. Anh nổi tiếng với chiến công hy sinh thân mình để cứu khẩu pháo cao xạ 37mm không bị lăn xuống vực trong Chiến dịch Điện Biên Phủ.	true
Truyện Kiều gồm bao nhiêu câu	Trong các bản in dưới đây , ở một số câu chữ có ít nhiều dị bản .	false
Cơ cấu tổ chức của mặt trận tổ quốc Việt Nam	Tại các cấp địa phương, Ủy ban Mặt trận Tổ quốc Việt Nam cấp tương ứng sẽ tiến hành tổ chức triệu tập Đại hội Đại biểu Mặt trận Tổ quốc Việt Nam cấp tương ứng với nhiệm kỳ 5 năm.	false
TFBoys là nhóm nhạc của nước nào	TFBoys ( viết tắt của The Fighting Boys , , ) là nhóm nhạc thiếu niên người Trung Quốc được thành lập vào ngày 6 tháng 8 năm 2013 bởi Công ty Thời Đại Phong Tuấn Văn Hoá Nghệ thuật Bắc Kinh , thông qua sự tuyển chọn giữa các thực tập sinh của TF Gia tộc .	true
Nền văn minh Aztec ra đời ở nước nào	Đôi khi cư dân tại hai thành bang đồng minh của Tenochtitlan , là người Acolhua của Texcoco và người Tepanec của Tlacopan cũng được gọi là " Aztec " . Họ , cùng với người Mexica , đã thành lập nên Tam Đồng Minh Aztec . Có khi , Aztec được dùng để chỉ các " altepetl " ( thành bang ) và cư dân tại đó , những người đã chia sẽ nền văn hoá và lịch sử với người Mexica , Acolhua và Tepanec , và cũng để chỉ những người dùng tiếng Nahuatl như một lingua franca .	false
Tướng quân Nguyễn Sơn quê ở đâu	Phạm Lệnh Công quê ở Trà Hương, Nam Sách, Hải Dương, cha là Hồng châu tướng quân Phạm Chí Dũng.	false
Lễ hội Năm mới Ba Tư có tên gọi là gì	Nowrūz (, , nghĩa là "Ngày mới") là tên gọi Năm mới của người Iran/Ba Tư, theo lịch Iran với các lễ kỷ niệm truyền thống. Nowruz cũng được gọi một cách rộng rãi là "Năm mới Ba Tư", "Tết Ba Tư".	true
Nước nào phát minh ra máy in	Các nhà phát minh của 3Doodler (Maxwell Bogue và Peter Dilworth) đã xây dựng nguyên mẫu 3Doodler đầu tiên vào đầu năm 2012 tại Artisan's Asylum ở Somerville, Massachusetts. Sau khi chờ đợi mười bốn giờ để hoàn thành công việc in 3D, họ phát hiện ra rằng máy in đã bỏ lỡ một dòng. Vì vậy, họ quyết định, "Tại sao không để nguyên như vậy và sửa nó bằng một cây bút?"	false
Việt Nam xếp hạng bao nhiêu về kinh tế trên thế giới	Không rõ lượng gia súc, vật nuôi đương thời tại Việt Nam khi đó là bao nhiêu. Năm 1407, nhà Minh đã vơ vét mang về phương bắc 235.900 con voi, ngựa, trâu bò; thóc gạo 13,6 triệu thạch.	false
Lễ hội tưởng nhớ vua Hàm Nghi được người dân Hương Khê tổ chức vào tháng mấy	Ông cũng chính là nhân vật trong sự tích tết Đoan Ngọ (Đoan Dương). Theo truyền thuyết này, để tưởng nhớ về con người và cái chết bi ai của ông, hàng năm người ta tổ chức vào ngày mồng năm tháng năm là ngày tết Đoan Dương ở Trung Quốc và một số nước khác ở Châu Á.	false
Ai là người lãnh đạo trong trận Bạch Đằng	Nguyễn Tất Tố (? - ?) người làng Gia Viên (thuộc nội thành Hải Phòng ngày nay), ông có công lớn trong việc dụ quân Nam Hán vào trận địa cọc trong trận thủy chiến trên cửa sông Bạch Đằng năm 938.	false
Ai là người ra lệnh toàn quốc kháng chiến	Ngày 20 tháng 12 tại Hang Trầm ( huyện Chương Mỹ , Hà Tây ) , Đài Tiếng nói Việt Nam ( VOV ) đã phát đi " Lời kêu gọi toàn quốc kháng chiến " .	false
Ngạc ngư là tên gọi khác của con vật này	Ngạc Ngư, tục danh cá sấu, loài bò sát lưỡng cư, sức rất khỏe, có thể nhịn ăn vài ngày; da của nó gọi là giao cách có thể dùng làm túi đại đao	true
Có bao nhiêu điều trong luật bóng đá chính thức	Từ năm 1913 , cơ quan theo dõi luật bóng đá IFAB bắt đầu bổ sung các thành viên là đại diện của FIFA . Hiện nay ban điều hành của IFAB bao gồm 4 đại diện của FIFA và 4 đại diện đến từ các liên đoàn khai sinh luật bóng đá là Anh , Scotland , Ireland và xứ Wales .	false
Có bao nhiêu nước tham gia Hiệp định đối tác xuyên Thái Bình Dương	Hiệp định Đối tác xuyên Thái Bình Dương ( tiếng Anh : " Trans-Pacific Partnership Agreement " - viết tắt TPP ) là một hiệp đinh / thoả thuận thương mại tự do được ký kết giữa 12 nước vào ngày 4 tháng 2 năm 2016 tại Auckland , New Zealand sau 5 năm đàm phán với mục đích hội nhập các nền kinh tế thuộc khu vực châu Á-Thái Bình Dương .	true
quốc khánh của Latvia là ngày nào	Đây cũng là ngày CHXHCNXV Latvia đổi tên thành Cộng hoà Latvia . Tuy nhiên , chính quyền trung ương tại Moskva tiếp tục xem Latvia là một cộng hoà Xô viết . Tháng 1 năm 1991 , các lực lượng chính trị và quân sự Liên Xô đã tiến hành các nỗ lực nhằm lật đổ chính quyền Cộng hoà Latvia song đã không thành công .	false
Cựu thủ tướng Singapore Lý Quang Diệu qua đời năm nào	được đặt theo tên của cựu Thủ tướng Singapore Lý Quang Diệu.	false
Võ Nguyên Giáp mất vào năm nào	Ông qua đời năm 103 tuổi và được các cơ quan báo chí Việt Nam dẫn lời bác sĩ riêng nói là mất vì tuổi già . Chiều ngày 5 tháng 10 năm 2013 , nhà nước Việt Nam ra thông cáo đặc biệt thông báo Võ Nguyên Giáp từ trần và tổ chức Quốc tang trong hai ngày 12 và 13 tháng 10 năm 2013 .	true
Tam quốc diễn nghĩa viết theo phương pháp gì	Trận chiến này được nhắc đến trong Tam Quốc diễn nghĩa hồi 120 . Tam Quốc diễn nghĩa ghi lại bài thơ than rằng	false
Mozart sinh ra tại thành phố nào của nước Áo	Thắng lợi của Le nozze di Figaro đã tạo ra tiếng tăm không nhỏ ở bên ngoài nước Áo cho Mozart. Nối gót Le nozze di Figaro là một vở nhạc kịch cũng hay chẳng kém: Don Giovanni. Cuộc trình diễn đầu tiên vào ngày 29 tháng 10 (lúc đầu là 14 tháng 10) của tác phẩm đã tạo thêm một hiệu ứng lớn nữa của Mozart lên công chúng Praha.	false
Ai là người tìm ra vac – xin chống bệnh dại	Trong khi cố gắng "tìm ra một phương thuốc hữu hiệu để điều trị chứng bệnh mà ông đã tìm ra nguyên nhân", Pasteur lại phát minh ra một kỹ thuật nhằm giảm thiểu sự tạp nhiễm môi trường nuôi cấy bằng cách đun nóng môi trường này lên đến khoảng 55-60 °C trong điều kiện không có không khí. Kỹ thuật này sau đó được đặt tên là phương pháp khử khuẩn Pasteur ("pasteurisation"), một phương pháp được sử dụng rộng rãi trong công nghiệp chế tạo và bảo quản rượu vang.	false
Trước đây, bánh cuốn là món ăn gắn liền với ngày lễ/tết nào ở Việt Nam	Cá lóc nướng trui là một món ăn dân dã đặc trưng cho miền đồng nước Nam Bộ Việt Nam, với hương vị độc đáo và cách chế biến rất đơn giản. Món ăn này gắn liền với quá trình khai hóa đất phương Nam của dân tộc Việt.	false
Kênh đào Suez nối Địa Trung Hải với biển nào	Biển được nối với Biển Azov bởi Kênh đào Manych và Kênh đào Volga-Don.	false
Ngô Diệc Phàm từng là thành viên của nhóm nhạc nào	Còn tại các thị trường khác , công ty SM không có quyền can thiệp vào hoạt động nghệ thuật của Ngô Diệc Phàm theo quy định của pháp luật .	false
Đỉnh núi nào cao nhất thế giới	Đỉnh Everest (tên khác: đỉnh Chomolungma) là đỉnh núi cao nhất trên Trái Đất so với mực nước biển, tính đến thời điểm hiện tại là 8848 mét, nó đã giảm độ cao 2,4 xentimet sau trận động đất tại Nepal ngày 25/04/2015 và đã dịch chuyển 3 cm về phía tây nam. Đường lên đỉnh Everest là biên giới giữa Nepal và Tây Tạng (Trung Quốc).	true
Núi Bà đen cao bao nhiêu	Núi Bà có diện tích 24 km2, gồm 3 ngọn núi tạo thành: Núi Heo - Núi Phụng - Núi Bà Đen. Núi Bà Đen cao 986 m cao nhất Nam Bộ. Hệ thống chùa ở núi bà có, chùa Trung, chùa Bà, chùa Hang. Ngọn núi này thu hút khách thập phương vì cảnh núi non hùng vĩ. Đặc biệt, nơi đây còn gắn liền với truyền thuyết nàng Lý Thị Thiên Hương (Bà Đen) và một thảm thực động vật phong phú	true
Hành tinh có từ trường lớn nhất trong Thái Dương Hệ	Hệ tọa độ này thuận tiện khi xác định vị trí của các hành tinh và các thiên thể trong Hệ Mặt Trời. Các hành tinh đều có mặt phẳng quỹ đạo gần với mặt phẳng hoàng đạo nên có hoàng vĩ không lớn (trường hợp Diêm Vương Tinh lớn nhất cũng không quá 17,2°).	false
Việt Nam có bao nhiêu anh em dân tộc	Kềnh là nhạc cụ thổi hơi của nhiều dân tộc anh em ở Việt Nam, người kinh gọi là khèn, vì thế kềnh H'Mông còn được gọi là khèn Mèo.	false
Ai đang là tổng bí thư Việt Nam hiện nay	Hiện nay (2018), bà đang là Thẩm phán trung cấp, Bí thư Ban Cán sự Đảng Cộng sản Việt Nam Tòa án nhân dân tỉnh Cao Bằng, Chánh án Tòa án nhân dân tỉnh Cao Bằng.	false
Tướng Nguyễn Sơn nằm trong số bao nhiêu đại công thần của Trung Quốc	Năm 1950, ông trở lại Trung Quốc công tác, làm Phó Cục trưởng Cục Điều lệnh Tổng giám bộ huấn luyện Quân Giải phóng Nhân dân. Được xem là một trong 72 đại công thần Trung Quốc, ngay trong đợt phong quân hàm đầu vào ngày 27 tháng 9 năm 1955, ông được nhà nước Cộng hòa Nhân dân Trung Hoa phong quân hàm thiếu tướng. Ông cũng được chính phủ Trung Quốc tặng Huân chương Giải phóng hạng nhất.	true
Khủng long xuất hiện vào kỉ nào	Bộ phim nhận được nhiều phản ứng tốt từ giới phê bình và khán giả, tính tới thời điểm hiện tại bộ phim đã có 5 phần đã được công chiếu. Bốn phần tiếp theo đã được công chiếu gồm "" (Kỉ băng hà 2: Băng tan), "" (Kỉ băng hà 3: Khủng long thức giấc"), "" (Kỉ băng hà 4: Lục địa trôi dạt) và (Kỉ băng hà 5: Trời sập)."	false
Hoà thượng Thích Quảng Đức sinh năm mấy	Cũng chính vì vậy , mà trên phương diện học thuật , cho đến tận ngày nay , “ pPong trào Phật giáo miền Nam năm 1963 ” , tiêu biểu là sự hy sinh dũng cảm của Hoà thượng Thích Quảng Đức , vẫn là nguồn cảm hứng bbất tận đối với giới nghiên cứu Đông – Tây .	false
Tổ tiên của loài cá voi là động vật gì	Các loài cá voi đã tiến hóa từ các động vật có vú sống trên đất liền (có thể nhất có lẽ là từ tổ tiên chung là các dạng động vật ăn thịt có móng guốc, cùng nhánh chị em đồng tiến hóa kia là các động vật guốc chẵn (Artiodactyla) như lợn và hà mã). Chúng có lẽ đã thích nghi với cuộc sống đại dương vào khoảng 50 triệu năm trước.	true
Con người có thể sống thọ nhất là bao nhiêu tuổi	Ông mất năm 1421 thời thuộc Minh, không rõ thọ bao nhiêu tuổi.	false
Thủy điện Hòa Bình được hoàn thiện năm nào	Cải thiện việc đi lại bằng đường thủy ở cả thượng lưu và hạ lưu. Năm 2004 công trình tượng đài chiến thắng Điện Biên Phủ được vận chuyển chủ yếu bằng con đường này.	false
Ngọn núi cao nhất của Nhật Bản	Nhật Bản là một đảo quốc ở Đông Bắc Á. Các đảo Nhật Bản là một phần của dải núi ngầm trải dài từ Đông Nam Á tới Alaska. Nhật Bản có bờ biển dài 37.000 km, có đá lớn và nhiều vịnh nhỏ nhưng rất tốt và đẹp. Đồi núi chiếm 72% diện tích tự nhiên cả nước, trong đó không ít núi là núi lửa, có một số đỉnh núi cao trên 3000 mét, hơn 532 ngọn núi cao hơn 2000 mét. Ngọn núi cao nhất là núi Phú Sĩ ("Fujisan" 富士山) cao 3776 mét. Giữa các núi là các cao nguyên và bồn địa. Nhật Bản có nhiều thác nước, suối, sông và hồ. Đặc biệt, ở Nhật Bản có rất nhiều suối nước nóng, là nơi hàng triệu người Nhật thường tới để nghỉ ngơi và chữa bệnh.	true
Doraemon ra mắt vào năm nào	" Doraemon " nguyên là xê-ri manga Nhật Bản được hoạ sĩ Fujiko F. Fujio sáng tác vào năm 1969 . Nội dung kể về chú mèo máy Doraemon đến từ thế kỉ 22 trở về thế kỉ 20 giúp cải thiện cuộc sống cậu bé Nobita . Tác phẩm đã ra mắt 50 tập truyện ngắn ( bao gồm cả Plus ) , 17 tập truyện dài và trở thành một biểu tượng của Nhật Bản .	true
Tổ tiên của loài cá voi là động vật gì	Quần động vật biển trong thế Oligocen là tương tự ngày nay, chẳng hạn như các động vật hai mảnh vỏ. Các dạng cá voi tấm sừng hàm và có răng vừa mới xuất hiện, và tổ tiên của chúng, cá voi cổ ("Archaeoceti") vẫn còn tương đối phổ biến nhưng số lượng đã suy giảm khi thế Oligocen trôi đi do các thay đổi khí hậu cũng như do cạnh tranh với các nhóm cá voi hiện đại cùng cá mập thật sự (bộ "Carcharhiniformes"), cũng xuất hiện trong thế này. Các loài hải cẩu (siêu họ "Pinnipedia") có lẽ đã xuất hiện vào gần cuối thế này từ các tổ tiên giống như gấu hay rái cá.	false
Trịnh Sảng còn được biết đến với biệt danh gì	Năm 2018 , Trịnh Sảng vào vai Lí Mộc Tử trong Vì em anh nguyện yêu cả thế giới .	false
phó chủ tịch nước Việt Nam năm 2017 là ai	Đặng Thị Ngọc Thịnh sinh ngày 25 tháng 12 năm 1959, quê tại xã Duy Trinh, huyện Duy Xuyên, Quảng Nam, đến 5 tuổi, bà theo gia đình di cư vào Sài Gòn, mang theo nghề dệt truyền thống của người dân xứ Quảng, mưu sinh tại ngã tư Bảy Hiền.	false
Nguyễn Trung Trực quê gốc ở đâu	Nghệ sĩ Đức Chính quê gốc ở Duy Tiên, Hà Nam.	false
Vua bóng đá Pele vô địch thế giới lần thứ 3 khi World Cup được tổ chức ở đâu	Giải bóng đá vô địch thế giới 2014 hay còn gọi là Cúp bóng đá thế giới 2014 (tên chính thức là 2014 FIFA World Cup - Brasil) được tổ chức tại Brasil là Giải bóng đá vô địch thế giới lần thứ 20. Linh vật của World Cup lần này là Fuleco, thuộc loài Tatu. Mùa giải này là lần thứ 2, giải đấu được tổ chức tại Brasil (lần trước là 1950), là lần đầu tiên được tổ chức tại Nam Mỹ, kể từ giải năm 1978 tại Argentina; đây cũng là lần đầu tiên, 2 giải liên tiếp được tổ chức tại Nam bán cầu.	false
Tỉnh Khánh Hòa thuộc khu vực nào của nước ta	Tỉnh ủy Khánh Hòa hay còn được gọi Ban chấp hành Đảng bộ tỉnh Khánh Hòa. Tỉnh ủy Khánh Hòa là cơ quan lãnh đạo cao nhất của Đảng bộ tỉnh Khánh Hòa giữa hai kỳ đại hội đại biểu Đảng bộ tỉnh, do Đại hội Đại biểu Đảng bộ tỉnh bầu.	false
Dân số của Vịnh Hạ Long hiện nay là bao nhiêu	Hiện nay , sự phát triển mở rộng đô thị và sự gia tăng dân số cơ học , việc xây dựng bến cảng và nhà máy ; các hoạt động du lịch và dịch vụ , rác thải trong sinh hoạt và chế xuất , hoạt động đánh bắt và nuôi trồng thuỷ sản đã không chỉ còn là nguy cơ , mà sự ô nhiễm môi trường và sự biến đổi cảnh quan của vịnh Hạ Long đã ở mức báo động .	false
Dân số của Quận 1, Thành phố HCM 2017	Quận 1 là một trong những quận nội thành của thành phố Lyon, Pháp. Quận này được thành lập ngày 24 tháng 3 năm 1852. Quận 1 có dân số năm 1999: 26.861 người, dân số năm 2005: 28.100 người. Mật độ dân số quận này là 17.788 người/km2.	false
Thời phong kiến nước ta có tất cả bao nhiêu bộ luật được các triều đại phong kiến ban hành	Trong thời kỳ phong kiến, để bảo vệ biên cương Tổ quốc, các triều đại phong kiến thường trao quyền tự trị cho cộng đồng các dân tộc thiểu số, trong đó có người Thái	false
ai là vị tổng thống da đen đầu tiên trên thế giới	Các vị thần người da trắng là niềm tin rằng các nền văn hoá cổ xưa trên thế giới đã chuộng các vị thần thánh của người da trắng đã thăm viếng trong thời cổ đại, và họ được biết đến như là các vị thần da trắng.	false
Đơn vị tiền tệ của Luxembourg hiện nay	Hội nhập kinh tế đến cấp độ này tạo ra một thị trường chung giữa các nền kinh tế (không còn hàng rào kinh tế nào nữa) với một đơn vị tiền tệ chung. Ví dụ rõ nhất về cấp độ liên minh này là Khu vực đồng Euro. Các khu vực được thành lập với mục tiêu trở thành liên minh kinh tế tiền tệ nhưng chưa hoàn thành được mục tiêu này gồm: Cộng đồng Kinh tế Tây Phi, Cộng đồng Caribe (tiền thân là Cộng đồng và Thị trường Chung Caribe). Trong các liên minh từng tồn tại nhưng nay không còn có Liên minh Bỉ-Luxembourg.	false
Người dân địa phương chiếm bao nhiêu % dân số Dubai	Dân nói tiếng Pháp chiếm 74,2% dân số còn dân nói tiếng Đức chiếm 21,8% dân số. 1,3% dân số nói tiếng Bồ Đào Nha (năm 2000).	false
Lăng cụ Nguyễn Sinh Sắc nằm ở tỉnh nào	Cụ phó Bảng Nguyễn Sinh Sắc	false
ai là giám đốc điều hành Rosatom	Yevgeny Adamov điều hành Rosatom cho đến khi tổng thống Vladimir Putin bãi nhiệm ông năm 2001 . Người thay thế Adamov là Alexander Rumyantsev ( 2001 – 2005 ) .	true
Obama đắc cử vào Thượng viện Hoa Kỳ năm nào	Năm 2004 , Obama gây tiếng vang toàn quốc khi đọc bài diễn văn then chốt tại Đại hội Toàn quốc Đảng Dân chủ vào tháng 7 , sau đó vào tháng 11 , ông đắc cử vào Thượng viện Hoa Kỳ . Trong chiến dịch tranh cử tổng thống khởi đầu từ năm 2007 , đến năm 2008 , Obama thắng sít sao Hillary Clinton để nhận sự đề cử của Đảng Dân chủ .	true
Thành phố nào hiện có lăng của Võ Tánh	Sau khi qua đời, Võ Tánh được Trần Quang Diệu mai táng cẩn thận tại thành Đồ Bàn (Bình Định). Sau này, vua Gia Long sai lập mộ nữa cho Võ Tánh ở Gia Định (quận Phú Nhuận - TP.HCM) rồi chôn hình nhân ông bằng sáp. Võ Tánh trở thành danh tướng hiếm hoi của nước ta được xây lăng ở 2 địa điểm khác nhau.	true
Thổ Nhĩ Kỳ độc lập từ năm nào	Những năm sau đó các nước mới độc lập từ Ottoman tuyên bố thành lập và năm 1919 , Mustafa Kemal Atatürk và lực lượng Cách mạng Thổ Nhĩ Kỳ bắt đầu cuộc chiến tranh giành độc lập Thổ Nhĩ Kỳ . Năm 1923 , lực lượng cách mạng Thổ thắng trận và Thổ Nhĩ Kỳ được độc lập . Cùng năm đó , đế quốc Ottoman cáo chung , sultan Mehmed VI Vahdettin thoái vị , và Mustafa Kemal Atatürk thành lập nước Cộng hoà Thổ Nhĩ Kỳ , dựa trên một phần lãnh thổ của đế quốc Ottoman .	true
Chẩm chéo là gia vị cổ truyền của dân tộc vùng Tây Bắc nào	Chẩm chéo	false
Việt Nam có bao nhiêu dãy núi cao trên 3000m	Nhật Bản có nhiều dãy núi lớn, nổi tiếng nhất là ba dãy núi thuộc Alps Nhật Bản. Các dãy núi phần nhiều là từ đáy biển đội lên và có hình cánh cung. Núi cao trên 3000m ở Nhật Bản có đến hơn một chục ngọn. Trên Alps Nhật Bản tập trung khá nhiều đỉnh có độ cao trên 2500m. Số núi lửa đang hoạt động có khoảng gần 200.	false
Tỉnh nào có đường biên giới dài nhất với Campuchia	Việt Nam và Campuchia có đường biên giới chung trên đất liền (biên giới Tây Nam theo một cách gọi khác ở Việt Nam) dài 1270 km. Sau đây là danh sách các tỉnh Việt Nam và tỉnh Campuchia có biên giới chung, xếp theo vị trí từ Bắc xuống Nam.	false
Thủ lĩnh tối cao Phan Đình Phùng từng thi đỗ danh hiệu gì	Mai Phương Thuý từng học THCS Thăng Long và THPT Phan Đình Phùng tại Hà Nội. Cô cũng từng là thành viên của Công ty người mẫu New Talen trước khi đến với cuộc thi Hoa hậu Việt Nam năm 2006 . Cô gia nhập doanh nghiệp từ kì nghỉ hè năm lớp 11 qua sự giới thiệu của một người bạn. Năm 2006, cô thi đỗ Đại học Ngoại thương ngành Quản trị Kinh doanh với số điểm 24,5 và đã 3 lần đoạt được học bổng toàn phần của Đại học RMIT. Sau khi đăng quang, Mai Phương Thuý đã chọn theo học trường Đại học RMIT đặt cơ sở tại TP Hồ Chí Minh.	false
Nước Việt Nam ra nhập ASEAN năm nào	Việt Nam là thành viên của Liên Hiệp Quốc, Cộng đồng Pháp ngữ, ASEAN và APEC. Năm 2005, Việt Nam tham gia khai trương Hội nghị thượng đỉnh Đông Á, với mục đích để thay thế ASEAN trong tương lai. Việt Nam được phép gia nhập Tổ chức Thương mại Thế giới (WTO) vào ngày 7 tháng 11 năm 2006.	false
Dân số của Cần Thơ hiện nay là bao nhiêu	Chủ nhiệm Ủy ban Kiểm tra Thành ủy Cần Thơ hiện nay là Phạm Minh Phúc được bầu ngày 24/9/2015.	false
Lễ hội Kinh Dương Vương ở Bắc Ninh được tổ chức vào tháng mấy hàng năm	Lễ hội chính được tổ chức vào tháng 3 âm lịch hàng năm.	false
Trịnh Sảng là ai	Cô được biết đến như " Con gái quốc dân " , là Tứ tiểu hoa đán Chinese Film Report CCTV6 bình chọn năm 2016 đồng thời cũng là Tứ tiểu hoa đán thế hệ 9x 2016 cùng với Trịnh Sảng , Dương Tử và Châu Đông Vũ .	false
Ashoka đại đế trị vì từ năm nào	Saumya Seth trong vai Kaurwaki , Người yêu của Ashoka ( Theo lịch sử thì Kaurwaki là vợ )	false
Dân số của Sóc Trăng đứng thứ mấy trong khu vực đồng bằng sông Cửu Long	Sóc Trăng là một tỉnh ven biển thuộc đồng bằng sông Cửu Long thuộc Việt Nam , nằm ở cửa Nam sông Hậu , cách thành phố Hồ Chí Minh khoảng 231 km , cách Cần Thơ 62 km . Tỉnh Sóc Trăng nằm ở hạ nguồn của sông Hậu , là nơi sông Hậu đổ vào biển Đông tại hai cửa Định An và Trần Đề , với dân số và diện tích đều đứng thứ 6 trong khu vực Đồng bằng sông Cửu Long .	true
Dơi quỷ thường sống ở đâu	Dơi quỷ thường sống theo từng bầy trong những nơi hoàn toàn tăm tối như các hang hốc, các giếng cũ, thân cây rỗng và trong các góc tối của nhà cửa. Khu vực sinh sống của chúng là miền Trung và Nam châu Mỹ, có thể là các vùng đất kho cằn hoặc ẩm ướt, ở vùng nhiệt đới hoặc cận nhiệt. Một bầy dơi quỷ thường có "dân số" dao động trong khoảng vài nghìn tại nơi chúng cư trú. Cơ cấu xã hội cơ bản của một bầy dơi là một "hậu cung" khổng lồ với vài con dơi đực cầm đầu (gọi là "con đực định cư") cùng với đông đảo "thê tử" của chúng và một nhóm dơi đực khác gọi là "con đực không định cư". Đối với loài dơi quỷ chân lông, sự phân biệt giữa "kiều dân" với "dân địa phương" không quá khắt khe như dơi quỷ thông thường. Các "kiểu dân" có thể được "nhập tịch" khi môi trường xung quanh trở nên lạnh đi; hành vi này được gọi là sự điều nhiệt xã hội.	true
Ai là người sáng tạo ra môn hình học giải tích	Trong thời hiện đại, khái niệm hình học đã được khái quát hóa đến một mức độ trừu tượng cao và phức tạp. Hình học trở thành đối tượng của các phương pháp giải tích và đại số trừu tượng, do đó nhiều ngành hiện đại của hình học khác biệt nhiều đến mức không còn gì liên quan tới hình học cổ điển, như hình học đại số và hình học giải tích.	false
Tỉnh nào thuộc đồng bằng sông cửu long có diện tích lớn nhất	Kiên Giang () là một tỉnh ven biển thuộc đồng bằng sông Cửu Long ở miền Nam Việt Nam, với phần lớn diện tích của tỉnh thuộc địa bàn tỉnh Rạch Giá trước kia. Đây là tỉnh có diện tích lớn nhất miền tây và lớn nhì ở miền nam (sau tỉnh Bình Phước). Tuy nhiên, cũng có thời kỳ toàn bộ diện tích tỉnh Kiên Giang ngày nay đều thuộc tỉnh Rạch Giá, bao gồm cả các vùng Hà Tiên và Phú Quốc.	true
Tỉnh lỵ của Bắc Giang là gì	Trường trung học phổ thông chuyên Bắc Giang là trường chuyên duy nhất tại tỉnh Bắc Giang , có địa điểm tại Phường Hoàng Văn Thụ , Thành phố Bắc Giang , tỉnh Bắc Giang .	false
Việt Nam có tổng cộng bao nhiêu đảo	Tổng diện tích lãnh thổ Việt Nam là 331.688 km2, bao gồm khoảng 327.480 km2 đất liền và hơn 4.200 km2 biển nội thuỷ. Trong vùng biển nước ta có hơn 3.000 hòn đảo lớn, nhỏ và hai quần đảo lớn là Hoàng Sa và Trường Sa, khoảng 1.000 bãi đá ngầm	true
Kiểu chử dành cho người khiếm thị có tên là gì	Có thuyết kể rằng, Chử Đồng Tử trong lúc chu du tìm thầy học đạo cùng vợ là Tiên Dung đã lấy thêm một người vợ thứ hai là Hồng Vân. Cả ba người đã giúp dân chữa bệnh. Truyền thuyết này khá rõ ràng là chỉ sinh ra vào thời sau, khi sự thờ phụng Chử Đồng Tử đã cao và sinh ra nhiều dị bản để tăng tính thần thoại cho Chử Đồng Tử.	false
Thầy giáo Nguyễn Thiếp được biết đến với biệt hiệu là gì	Nổi tiếng là một diễn viên của loạt BET Nellyville người còn được biết đến bởi những Stink biệt hiệu. Cô là một siêu mẫu triển vọng.	false
Thành phố nào là thủ đô của Ba Lan	Viện Hàn lâm Khoa học Ba Lan, trụ sở chính tại Warsaw, thủ đô Ba Lan, là một trong hai tổ chức Ba Lan có tính chất của một học viện hàn lâm khoa học.	false
Cơ quan nào giải thích luật do Quốc Hội ban hành	Quyền lập quy là quyền ban hành những văn bản pháp quy dưới luật, để cụ thể hoá luật pháp do các cơ quan lập pháp ban hành trên tất cả các lĩnh vực của đời sống xã hội.	false
Tổng thống Mỹ nào nghèo nhất	Năm 1996, trong lễ trao tặng Millard Fuller Huân chương Tự do của Tổng thống, huân chương dân sự cao quý nhất của Hoa Kỳ, Tổng thống Bill Clinton gọi Habitat là "...đề án phục vụ cộng đồng trong một thời gian liên tục thành công nhất trong lịch sử nước Mỹ."	false
OnePlus là thuộc kiểm soát của công ty nào	BBK Electronics (tiếng Trung: 广东步步高电子工业有限公司, Hán-Việt: Quảng Đông Bộ Bộ Cao Điện tử công nghiệp hữu hạn công ty) là một công ty đa quốc gia của Trung Quốc trong lĩnh vực điện tử chuyên thiết kế và chế tạo các sản phẩm TV, điện thoại thông minh, máy ảnh số, máy nghe nhạc MP3. Công ty sản xuất điện thoại di động mang nhãn hiệu OPPO, OnePlus, Realme, và Vivo, máy nghe nhạc Blu-ray, điện thoại di động, tai nghe nhạc tại công ty con OPPO Digital.	true
Sông Hồng chảy vào nước ta băt nguồn từ tỉnh nào	Sông Minh Lương là nguồn nước chính của Ngòi Nhù, tuy nhiên các tên gọi đã hình thành từ lâu đời, và tại ngã ba hợp lưu thì Ngòi Nhù chảy thẳng. Ngòi Nhù bắt nguồn từ các suối ở trung tâm xã Sơn Thủy, chảy theo hướng tây bắc, rồi đổi hướng đông bắc và từ đó nước đổ vào sông Hồng.	false
Chức năng của đoàn thanh niên cộng sản Hồ Chí Minh	Bí thư thứ nhất Trung ương Đoàn Thanh niên Cộng sản Hồ Chí Minh hay còn được gọi Bí thư thứ nhất Trung ương Đoàn, là người đứng đầu Ban Chấp hành Trung ương Đoàn Thanh niên Cộng sản Hồ Chí Minh có nhiệm kỳ 5 năm. Là chức vụ tổ chức phong trào thanh thiếu nhi toàn quốc.	false
Cơn bão Linda đổ bộ vaò Việt Nam vào năm nào	Bão nhiệt đới Linda, được biết đến ở Philippines với tên gọi Áp thấp nhiệt đới Openg, được biết đến tại Việt Nam với tên gọi cơn bão số 5 , là cơn bão thảm khốc nhất khi tấn công vào miền Nam Việt Nam trong vòng ít nhất 100 năm. Hình thành vào ngày 31 tháng 10 năm 1997 trên Biển Đông, Linda mạnh lên khi di chuyển về phía Tây và đã đổ bộ vào khu vực Nam Bộ Việt Nam trong ngày 2 tháng 11 với sức gió 100 km/giờ cùng với mưa lớn tận 500mm-700mm.Theo Trung tâm Cảnh báo Bão Liên hợp (JTWC) của Hoa Kỳ thì khi Linda khi tiến vào vịnh Thái Lan Linda tăng cấp thành bão cuồng phong, nhưng đã suy yếu lại thành bão nhiệt đới trước khi vượt bán đảo Mã Lai và đi vào vịnh Bengal.Tại đây, Linda một lần nữa đạt đến cường độ bão cuồng phong theo JTWC, tuy nhiên không lâu sau độ đứt gió tăng lên và dòng dẫn suy yếu trước khi tan rã vào ngày 9 tháng 11.	true
giám đốc của US Airways là người nào	Nó được thành lập ngày 9 tháng 12 năm 2013 trên cơ sở hợp nhất tập đoàn AMR , công ty mẹ của American Airlines , với US Airways , công ty mẹ của US Airways . Sáp nhập giữa American Airlines và US Airways hoàn tất khi Cục Quản lý Hàng không Liên bang cấp một chứng chỉ hoạt động cho cả hai hàng vào ngày 8 tháng 4 năm 2015 .	false
Lê Hồng Anh được phong làm đại tướng năm nào	Còn ông Lê Hồng Anh , Bộ trưởng Bộ Công an Việt Nam , được phong hàm Đại tướng Công an nhân dân Việt Nam .	false
Hoàng Sa là tên của người nước nào đặt	Trước mắt , chính quyền huyện đảo Hoàng Sa sẽ hoạt động tại trụ sở của Sở Nội vụ Đà Nẵng .	false
Sau khi lên ngôi, Nguyễn Phúc Thuần đã phong Trương Phúc Loan giữ chức vụ gì	Năm 1967, ông được phong quân hàm Đại tá và cử giữ chức vụ Phó Tổng tham mưu trưởng Quân đội nhân dân Việt Nam. Ông giữ chức vụ này trong 20 năm cho đến khi về hưu vào năm 1987.	false
Ai mở đầu cho cơ nghiệp 241 năm của các chúa Trịnh	Nhìn chung, cuộc đời Trịnh Sâm có những nét rất giống với Nguyễn Phúc Khoát - chúa Nguyễn cùng thời với ông: Cả hai khi còn trẻ đều có tài, nhưng về già thì ngày càng sa vào tửu sắc, bỏ bê triều chính khiến quyền thần làm loạn, sau khi mất thì đời chúa kế tiếp cũng đều là trẻ nhỏ còn non dại. Kết quả là cơ nghiệp của 2 họ Trịnh - Nguyễn đều sụp đổ ở đời chúa kế tiếp 2 người này.	false
Cây Cacao được trồng nhiều nhất ở đâu	Nguồn gốc của cây cacao là từ Trung Mỹ và Mexico, được những người Aztec và Maya bản xứ khám phá. Nhưng ngày nay hầu hết những nước nhiệt đới cũng có thể trồng cây này.	true
đường biên giới trên đất liền nước ta giáp với các nước nào	Biên giới giữa Trung Quốc và Lào là một tuyến đường dài 423 km chia cắt các tỉnh của Lào phía bắc là Luang Namtha, Oudomxai và Phongsali với tỉnh Vân Nam phía Nam Trung Quốc. Phía đông bắt đầu ở biên giới hai nước với Việt Nam, đi về phía tây, rồi theo hướng nam và đi theo hướng tây đến biên giới của hai nước với Myanmar. Biên giới giữa 2 nước đã được thiết lập chính thức từ năm 1964.	false
Axit folic có cấu tạo phân tử là gì	Axit folic đặc biệt cần thiết cho tất cả các phụ nữ có ý định mang thai. Trong khoảng thời gian ngay trước và ngay sau khi thụ thai, cần ăn đủ axit folic, để bào thai được phát triển khỏe mạnh, tránh được các biến cố bào thai hay bệnh tật bẩm sinh nguy hiểm cho thai nhi.	false
Sở trường của Nguyễn Tuân là gì	Nguyễn Tuân ( 10 / 7 / 1910 – 28 / 7/1987) , sở trường về tuỳ bút và ký , được tặng Giải thưởng Hồ Chí Minh về văn học nghệ thuật năm 1996 . Tác phẩm của Nguyễn Tuân luôn thể hiện phong cách độc đáo , tài hoa , sự hiểu biết phong phú nhiều mặt và vốn ngôn ngữ , giàu có , điêu luyện .	true
Ai là tác giả của bài Hịch tướng sĩ	Mặc dù Uriyangqatai từng là kẻ thù của Đại Việt, Hưng Đạo vương Trần Quốc Tuấn trong Hịch tướng sĩ vẫn ghi nhận những phẩm chất lãnh đạo của Uriyangqatai.	false
Giải thưởng Emmy là giải thưởng cao quý của thể loại giải trí nào	Giải Emmy, hay thường được gọi là Emmy, là chương trình giải thưởng phim truyền hình, tương tự như Peabody Award nhưng chủ yếu về thể loại giải trí hơn, được xem là giải thưởng cao qúy nhất của công nghiệp truyền hình và thường được xem là giải Oscar của thể loại truyền hình.	true
Tác giả của bức tranh nổi tiếng " Hoa hướng dương " là ai	Đây là những bức tranh đầu tiên của Van Gogh mà "không có gì ngoài hoa hướng dương" —đúng vậy, ông đã vẽ hoa hướng dương trong tranh tĩnh vật và cảnh quan trước đó.	true
Hai Bà Trưng là những ai	Cleopatra II là con gái của Ptolemy V và Cleopatra I. Bà là chị gái của Ptolemaios VI và Ptolemaios VIII Physcon. Bà đã kết hôn với cả hai người em của mình.	false
Chiến tranh Trung Nhật diễn ra vào khoảng thời gian nào	Tuy nhiên , trong thời gian , chiến tranh Trung Nhật , bài hát vẫn một số chính quyền thân Nhật sử dụng làm quốc ca như Chính phủ lâm thời Trung Hoa Dân Quốc và Chính phủ Cải cách Trung Hoa Dân Quốc .	false
Lại Văn Sâm là ai	Lại Văn Sâm có con trai là đạo diễn Lại Bắc Hải Đăng , hiện đang làm việc tại Ban Sản xuất các chương trình Giải trí , Đài Truyền hình Việt Nam .	false
chương trình vượt lên chính mình bắt đầu vào năm nào	Chương trình Vượt Lên Chính Mình tạm ngừng phát sóng từ 11/10/2013 để diễn ra lễ quốc tang Đại tướng Võ Nguyên Giáp và đã phát sóng lại bình thường từ 18/10/2013	false
Tên một cửa khẩu của Việt Nam giáp Trung Quốc	Bắc qua nhánh Bắc Luân chảy dọc biên giới hiện có cầu Bắc Luân nối hai cửa khẩu quốc tế Móng Cái của Việt Nam và cửa khẩu Bắc Luân của Trung Quốc.	true
Kênh đào Panama được khai thông từ bao giờ	Các mức lệ phí để đi qua kênh đào này do Cục quản lý kênh đào Panama quyết định và nó dựa trên kiểu và kích thước tàu cũng như loại hình hàng hóa chuyên chở .	false
Ấu trùng sán lợn thường tấn công nhiều ở vùng nào	Con người bị nhiễm bệnh thường là do ăn phải thực phẩm hoặc uống nước chứa trứng sán lợn. Rau sống là nguồn lây bệnh chính. Trứng sán lợn ăn phải này xuất phát từ trong phân của người bị nhiễm sán trưởng thành, trường hợp này gọi là bệnh sán lợn trưởng thành. Bệnh sán lợn trưởng thành là một bệnh khác do ăn phải nang sán trong thịt lợn nấu không chín. Những người sống với ai đó bị nhiễm sán lợn thì có nguy cơ cao hơn mắc bệnh ấu trùng sán lợn. Việc chẩn đoán có thể dựa vào chọc hút nang sán. Chụp hình não bằng cắt lớp điện toán (CT) hoặc hình ảnh cộng hưởng từ (MRI) mang hiệu quả cao nhất trong chẩn đoán bệnh ở não. Số bạch cầu, được gọi là bạch cầu ái toan, tăng trong dịch não tủy và máu cũng được sử dụng làm chẩn đoán.	false
Keangnam Hanoi Landmark Tower nằm ở đâu	Công trình đã hoàn thành và đưa vào sử dụng vào ngày 31/10/2010 , và là công trình cao nhất Việt Nam , cho đến khi Keangnam Hanoi Landmark Tower hoàn thành vào năm 2011 . Hiện tại toà nhà là công trình cao thứ 4 Việt Nam , sau Landmark 81 , Keangnam Hanoi Landmark Tower và Lotte Center Hanoi .	false
Bàn thắng muộn của Michael Owen vào lưới Man City năm 2009 được ghi ở phút bao nhiêu	Trận đấu giữa Manchester United và Manchester City trong mùa giải Giải bóng đá Ngoại hạng Anh 2009-10 được diễn ra vào ngày 20 tháng 9 năm 2009 tại Old Trafford. Đây là trận Derby Manchester thứ 153 giữa hai đội. Manchester United đã giành chiến thắng 4-3 với bàn thắng muộn từ Michael Owen trong thời gian hiệp hai. Wayne Rooney mở tỉ số nhưng một sai lầm từ Ben Foster đã giúp Gareth Barry gỡ hoà cho Man City. Hai bàn thắng của Darren Fletcher và Craig Bellamy đưa trận đấu tới tỷ số hoà 3-3 trong những phút cuối trận trước khi Owen ghi bàn ấn định chiến thắng cho đội chủ nhà ở phút 90+6. Trận đấu đã chứng kiến ​​sự trở lại của tiền đạo Carlos Tevez tại Old Trafford sau khi rời khỏi Man United vào mùa hè năm đó.	true
Các nước giáp với Hàn Quốc là gì	Phía tây giáp với Hoàng Hải và Vịnh Triều Tiên , phía đông giáp biển Đông Hàn Quốc ( Biển Nhật Bản ) . Biên giới trên bộ , Triều Tiên giáp với ba nước Hàn Quốc , Trung Quốc , và Nga . Điểm cao nhất ở Triều Tiên là đỉnh Bạch Đầu 2.744 mét ( 9.003 ft ) và các con sông chính là Đồ Môn và Áp Lục .	false
Dân số của Cần Thơ hiện nay là bao nhiêu	Vùng đất huyện Phong Điền vốn nổi tiếng và được biết đến từ xưa đến nay qua tên gọi của một trong những chợ nổi của vùng đất Cần Thơ: Chợ nổi Phong Điền. Ngoài ra, Phong Điền còn có di tích lịch sử nổi tiếng "Chiến thắng Lộ Vòng Cung". Hiện nay, thành phố Cần Thơ đã và đang có đề án phát triển Phong Điền trở thành một đô thị sinh thái.	false
Lê Đại Hành còn có tên gọi khác là gì	Sách "Các triều đại Việt Nam" còn cho rằng mẹ Lê Hoàn là Đặng Thị Sen chứ không gọi là Đặng Thị.	false
Mạc Đĩnh Chi là tổ tiên của danh nhân nào	Cuối cùng ông được ra về.	false
Trịnh Kiểm là người mở đầu, nhưng ai mới là chúa đầu tiên của họ Trịnh	Các chúa Trịnh từ Trịnh Kiểm, Trịnh Tùng, Trịnh Tráng, Trịnh Tạc, Trịnh Căn, Trịnh Cương đều là những chúa giỏi cai trị. Sau khi chiến tranh Trịnh - Nguyễn và Trịnh-Mạc chấm dứt, Bắc Hà yên ổn thịnh trị.	false